Module 1,Module 2,Count,Semester
DSA1101,DSA1101,92,2010
DSA2101,DSA1101,16,2010
DSA3101,DSA1101,5,2010
DSA4211,DSA1101,15,2010
DSA4264,DSA1101,19,2010
ST1131,DSA1101,3,2010
ST1232,DSA1101,4,2010
ST2131&MA2216,DSA1101,16,2010
ST2132,DSA1101,10,2010
ST2137,DSA1101,6,2010
ST2334,DSA1101,7,2010
ST3131,DSA1101,0,2010
ST3233,DSA1101,5,2010
ST3236&MA3238,DSA1101,17,2010
ST3240,DSA1101,14,2010
ST3242,DSA1101,10,2010
ST3248,DSA1101,7,2010
ST4231,DSA1101,6,2010
ST4233,DSA1101,20,2010
ST4241,DSA1101,17,2010
ST4245,DSA1101,12,2010
SP4261,DSA1101,12,2010
ESP2107,DSA1101,1,2010
DSA1101,DSA2101,4,2010
DSA2101,DSA2101,270,2010
DSA3101,DSA2101,5,2010
DSA4211,DSA2101,3,2010
DSA4264,DSA2101,18,2010
ST1131,DSA2101,5,2010
ST1232,DSA2101,17,2010
ST2131&MA2216,DSA2101,7,2010
ST2132,DSA2101,6,2010
ST2137,DSA2101,9,2010
ST2334,DSA2101,16,2010
ST3131,DSA2101,15,2010
ST3233,DSA2101,15,2010
ST3236&MA3238,DSA2101,14,2010
ST3240,DSA2101,20,2010
ST3242,DSA2101,9,2010
ST3248,DSA2101,18,2010
ST4231,DSA2101,6,2010
ST4233,DSA2101,18,2010
ST4241,DSA2101,1,2010
ST4245,DSA2101,2,2010
SP4261,DSA2101,13,2010
ESP2107,DSA2101,20,2010
DSA1101,DSA3101,10,2010
DSA2101,DSA3101,6,2010
DSA3101,DSA3101,247,2010
DSA4211,DSA3101,7,2010
DSA4264,DSA3101,6,2010
ST1131,DSA3101,5,2010
ST1232,DSA3101,2,2010
ST2131&MA2216,DSA3101,14,2010
ST2132,DSA3101,5,2010
ST2137,DSA3101,14,2010
ST2334,DSA3101,9,2010
ST3131,DSA3101,8,2010
ST3233,DSA3101,6,2010
ST3236&MA3238,DSA3101,13,2010
ST3240,DSA3101,7,2010
ST3242,DSA3101,15,2010
ST3248,DSA3101,16,2010
ST4231,DSA3101,14,2010
ST4233,DSA3101,15,2010
ST4241,DSA3101,16,2010
ST4245,DSA3101,16,2010
SP4261,DSA3101,9,2010
ESP2107,DSA3101,4,2010
DSA1101,DSA4211,8,2010
DSA2101,DSA4211,13,2010
DSA3101,DSA4211,3,2010
DSA4211,DSA4211,52,2010
DSA4264,DSA4211,5,2010
ST1131,DSA4211,17,2010
ST1232,DSA4211,17,2010
ST2131&MA2216,DSA4211,8,2010
ST2132,DSA4211,19,2010
ST2137,DSA4211,10,2010
ST2334,DSA4211,7,2010
ST3131,DSA4211,3,2010
ST3233,DSA4211,13,2010
ST3236&MA3238,DSA4211,17,2010
ST3240,DSA4211,14,2010
ST3242,DSA4211,18,2010
ST3248,DSA4211,19,2010
ST4231,DSA4211,6,2010
ST4233,DSA4211,12,2010
ST4241,DSA4211,9,2010
ST4245,DSA4211,14,2010
SP4261,DSA4211,16,2010
ESP2107,DSA4211,2,2010
DSA1101,DSA4264,17,2010
DSA2101,DSA4264,1,2010
DSA3101,DSA4264,18,2010
DSA4211,DSA4264,19,2010
DSA4264,DSA4264,182,2010
ST1131,DSA4264,2,2010
ST1232,DSA4264,16,2010
ST2131&MA2216,DSA4264,19,2010
ST2132,DSA4264,3,2010
ST2137,DSA4264,13,2010
ST2334,DSA4264,14,2010
ST3131,DSA4264,2,2010
ST3233,DSA4264,20,2010
ST3236&MA3238,DSA4264,9,2010
ST3240,DSA4264,19,2010
ST3242,DSA4264,14,2010
ST3248,DSA4264,7,2010
ST4231,DSA4264,7,2010
ST4233,DSA4264,10,2010
ST4241,DSA4264,11,2010
ST4245,DSA4264,7,2010
SP4261,DSA4264,18,2010
ESP2107,DSA4264,11,2010
DSA1101,ST1131,13,2010
DSA2101,ST1131,20,2010
DSA3101,ST1131,5,2010
DSA4211,ST1131,9,2010
DSA4264,ST1131,17,2010
ST1131,ST1131,234,2010
ST1232,ST1131,5,2010
ST2131&MA2216,ST1131,8,2010
ST2132,ST1131,4,2010
ST2137,ST1131,16,2010
ST2334,ST1131,12,2010
ST3131,ST1131,8,2010
ST3233,ST1131,6,2010
ST3236&MA3238,ST1131,1,2010
ST3240,ST1131,16,2010
ST3242,ST1131,6,2010
ST3248,ST1131,17,2010
ST4231,ST1131,11,2010
ST4233,ST1131,12,2010
ST4241,ST1131,18,2010
ST4245,ST1131,4,2010
SP4261,ST1131,17,2010
ESP2107,ST1131,20,2010
DSA1101,ST1232,16,2010
DSA2101,ST1232,12,2010
DSA3101,ST1232,7,2010
DSA4211,ST1232,12,2010
DSA4264,ST1232,0,2010
ST1131,ST1232,3,2010
ST1232,ST1232,251,2010
ST2131&MA2216,ST1232,5,2010
ST2132,ST1232,6,2010
ST2137,ST1232,0,2010
ST2334,ST1232,7,2010
ST3131,ST1232,8,2010
ST3233,ST1232,0,2010
ST3236&MA3238,ST1232,6,2010
ST3240,ST1232,13,2010
ST3242,ST1232,6,2010
ST3248,ST1232,5,2010
ST4231,ST1232,5,2010
ST4233,ST1232,8,2010
ST4241,ST1232,2,2010
ST4245,ST1232,20,2010
SP4261,ST1232,10,2010
ESP2107,ST1232,19,2010
DSA1101,ST2131.MA2216,14,2010
DSA2101,ST2131.MA2216,11,2010
DSA3101,ST2131.MA2216,4,2010
DSA4211,ST2131.MA2216,20,2010
DSA4264,ST2131.MA2216,18,2010
ST1131,ST2131.MA2216,5,2010
ST1232,ST2131.MA2216,6,2010
ST2131&MA2216,ST2131.MA2216,14,2010
ST2132,ST2131.MA2216,1,2010
ST2137,ST2131.MA2216,3,2010
ST2334,ST2131.MA2216,8,2010
ST3131,ST2131.MA2216,15,2010
ST3233,ST2131.MA2216,11,2010
ST3236&MA3238,ST2131.MA2216,17,2010
ST3240,ST2131.MA2216,4,2010
ST3242,ST2131.MA2216,4,2010
ST3248,ST2131.MA2216,20,2010
ST4231,ST2131.MA2216,4,2010
ST4233,ST2131.MA2216,13,2010
ST4241,ST2131.MA2216,9,2010
ST4245,ST2131.MA2216,17,2010
SP4261,ST2131.MA2216,17,2010
ESP2107,ST2131.MA2216,1,2010
DSA1101,ST2132,12,2010
DSA2101,ST2132,7,2010
DSA3101,ST2132,6,2010
DSA4211,ST2132,15,2010
DSA4264,ST2132,10,2010
ST1131,ST2132,1,2010
ST1232,ST2132,10,2010
ST2131&MA2216,ST2132,14,2010
ST2132,ST2132,148,2010
ST2137,ST2132,13,2010
ST2334,ST2132,16,2010
ST3131,ST2132,9,2010
ST3233,ST2132,12,2010
ST3236&MA3238,ST2132,11,2010
ST3240,ST2132,7,2010
ST3242,ST2132,16,2010
ST3248,ST2132,13,2010
ST4231,ST2132,16,2010
ST4233,ST2132,18,2010
ST4241,ST2132,12,2010
ST4245,ST2132,20,2010
SP4261,ST2132,2,2010
ESP2107,ST2132,0,2010
DSA1101,ST2137,19,2010
DSA2101,ST2137,14,2010
DSA3101,ST2137,18,2010
DSA4211,ST2137,9,2010
DSA4264,ST2137,5,2010
ST1131,ST2137,7,2010
ST1232,ST2137,7,2010
ST2131&MA2216,ST2137,19,2010
ST2132,ST2137,1,2010
ST2137,ST2137,242,2010
ST2334,ST2137,16,2010
ST3131,ST2137,20,2010
ST3233,ST2137,8,2010
ST3236&MA3238,ST2137,3,2010
ST3240,ST2137,3,2010
ST3242,ST2137,11,2010
ST3248,ST2137,11,2010
ST4231,ST2137,5,2010
ST4233,ST2137,15,2010
ST4241,ST2137,14,2010
ST4245,ST2137,2,2010
SP4261,ST2137,3,2010
ESP2107,ST2137,0,2010
DSA1101,ST2334,8,2010
DSA2101,ST2334,15,2010
DSA3101,ST2334,4,2010
DSA4211,ST2334,0,2010
DSA4264,ST2334,17,2010
ST1131,ST2334,2,2010
ST1232,ST2334,7,2010
ST2131&MA2216,ST2334,9,2010
ST2132,ST2334,3,2010
ST2137,ST2334,14,2010
ST2334,ST2334,120,2010
ST3131,ST2334,9,2010
ST3233,ST2334,15,2010
ST3236&MA3238,ST2334,1,2010
ST3240,ST2334,9,2010
ST3242,ST2334,10,2010
ST3248,ST2334,19,2010
ST4231,ST2334,14,2010
ST4233,ST2334,1,2010
ST4241,ST2334,9,2010
ST4245,ST2334,12,2010
SP4261,ST2334,15,2010
ESP2107,ST2334,15,2010
DSA1101,ST3131,0,2010
DSA2101,ST3131,15,2010
DSA3101,ST3131,0,2010
DSA4211,ST3131,10,2010
DSA4264,ST3131,8,2010
ST1131,ST3131,16,2010
ST1232,ST3131,0,2010
ST2131&MA2216,ST3131,14,2010
ST2132,ST3131,5,2010
ST2137,ST3131,13,2010
ST2334,ST3131,0,2010
ST3131,ST3131,175,2010
ST3233,ST3131,10,2010
ST3236&MA3238,ST3131,3,2010
ST3240,ST3131,19,2010
ST3242,ST3131,9,2010
ST3248,ST3131,16,2010
ST4231,ST3131,8,2010
ST4233,ST3131,9,2010
ST4241,ST3131,15,2010
ST4245,ST3131,16,2010
SP4261,ST3131,1,2010
ESP2107,ST3131,16,2010
DSA1101,ST3233,4,2010
DSA2101,ST3233,17,2010
DSA3101,ST3233,12,2010
DSA4211,ST3233,13,2010
DSA4264,ST3233,12,2010
ST1131,ST3233,11,2010
ST1232,ST3233,20,2010
ST2131&MA2216,ST3233,16,2010
ST2132,ST3233,6,2010
ST2137,ST3233,2,2010
ST2334,ST3233,2,2010
ST3131,ST3233,11,2010
ST3233,ST3233,58,2010
ST3236&MA3238,ST3233,10,2010
ST3240,ST3233,11,2010
ST3242,ST3233,3,2010
ST3248,ST3233,16,2010
ST4231,ST3233,3,2010
ST4233,ST3233,2,2010
ST4241,ST3233,14,2010
ST4245,ST3233,2,2010
SP4261,ST3233,1,2010
ESP2107,ST3233,12,2010
DSA1101,ST3236.MA3238,8,2010
DSA2101,ST3236.MA3238,17,2010
DSA3101,ST3236.MA3238,8,2010
DSA4211,ST3236.MA3238,14,2010
DSA4264,ST3236.MA3238,11,2010
ST1131,ST3236.MA3238,11,2010
ST1232,ST3236.MA3238,9,2010
ST2131&MA2216,ST3236.MA3238,0,2010
ST2132,ST3236.MA3238,18,2010
ST2137,ST3236.MA3238,8,2010
ST2334,ST3236.MA3238,16,2010
ST3131,ST3236.MA3238,13,2010
ST3233,ST3236.MA3238,4,2010
ST3236&MA3238,ST3236.MA3238,1,2010
ST3240,ST3236.MA3238,6,2010
ST3242,ST3236.MA3238,5,2010
ST3248,ST3236.MA3238,0,2010
ST4231,ST3236.MA3238,0,2010
ST4233,ST3236.MA3238,19,2010
ST4241,ST3236.MA3238,1,2010
ST4245,ST3236.MA3238,17,2010
SP4261,ST3236.MA3238,16,2010
ESP2107,ST3236.MA3238,12,2010
DSA1101,ST3240,15,2010
DSA2101,ST3240,15,2010
DSA3101,ST3240,11,2010
DSA4211,ST3240,19,2010
DSA4264,ST3240,2,2010
ST1131,ST3240,2,2010
ST1232,ST3240,19,2010
ST2131&MA2216,ST3240,13,2010
ST2132,ST3240,2,2010
ST2137,ST3240,18,2010
ST2334,ST3240,2,2010
ST3131,ST3240,2,2010
ST3233,ST3240,17,2010
ST3236&MA3238,ST3240,18,2010
ST3240,ST3240,188,2010
ST3242,ST3240,14,2010
ST3248,ST3240,9,2010
ST4231,ST3240,12,2010
ST4233,ST3240,1,2010
ST4241,ST3240,4,2010
ST4245,ST3240,5,2010
SP4261,ST3240,1,2010
ESP2107,ST3240,18,2010
DSA1101,ST3242,2,2010
DSA2101,ST3242,15,2010
DSA3101,ST3242,15,2010
DSA4211,ST3242,15,2010
DSA4264,ST3242,5,2010
ST1131,ST3242,17,2010
ST1232,ST3242,20,2010
ST2131&MA2216,ST3242,7,2010
ST2132,ST3242,18,2010
ST2137,ST3242,4,2010
ST2334,ST3242,15,2010
ST3131,ST3242,5,2010
ST3233,ST3242,2,2010
ST3236&MA3238,ST3242,19,2010
ST3240,ST3242,11,2010
ST3242,ST3242,234,2010
ST3248,ST3242,17,2010
ST4231,ST3242,13,2010
ST4233,ST3242,12,2010
ST4241,ST3242,16,2010
ST4245,ST3242,7,2010
SP4261,ST3242,15,2010
ESP2107,ST3242,0,2010
DSA1101,ST3248,11,2010
DSA2101,ST3248,4,2010
DSA3101,ST3248,13,2010
DSA4211,ST3248,2,2010
DSA4264,ST3248,7,2010
ST1131,ST3248,6,2010
ST1232,ST3248,8,2010
ST2131&MA2216,ST3248,12,2010
ST2132,ST3248,3,2010
ST2137,ST3248,10,2010
ST2334,ST3248,13,2010
ST3131,ST3248,17,2010
ST3233,ST3248,7,2010
ST3236&MA3238,ST3248,18,2010
ST3240,ST3248,10,2010
ST3242,ST3248,10,2010
ST3248,ST3248,81,2010
ST4231,ST3248,14,2010
ST4233,ST3248,1,2010
ST4241,ST3248,10,2010
ST4245,ST3248,12,2010
SP4261,ST3248,9,2010
ESP2107,ST3248,3,2010
DSA1101,ST4231,15,2010
DSA2101,ST4231,17,2010
DSA3101,ST4231,1,2010
DSA4211,ST4231,11,2010
DSA4264,ST4231,18,2010
ST1131,ST4231,3,2010
ST1232,ST4231,18,2010
ST2131&MA2216,ST4231,5,2010
ST2132,ST4231,6,2010
ST2137,ST4231,5,2010
ST2334,ST4231,18,2010
ST3131,ST4231,6,2010
ST3233,ST4231,12,2010
ST3236&MA3238,ST4231,2,2010
ST3240,ST4231,3,2010
ST3242,ST4231,7,2010
ST3248,ST4231,4,2010
ST4231,ST4231,151,2010
ST4233,ST4231,16,2010
ST4241,ST4231,1,2010
ST4245,ST4231,8,2010
SP4261,ST4231,7,2010
ESP2107,ST4231,4,2010
DSA1101,ST4233,0,2010
DSA2101,ST4233,18,2010
DSA3101,ST4233,1,2010
DSA4211,ST4233,8,2010
DSA4264,ST4233,20,2010
ST1131,ST4233,4,2010
ST1232,ST4233,18,2010
ST2131&MA2216,ST4233,20,2010
ST2132,ST4233,9,2010
ST2137,ST4233,4,2010
ST2334,ST4233,13,2010
ST3131,ST4233,16,2010
ST3233,ST4233,12,2010
ST3236&MA3238,ST4233,1,2010
ST3240,ST4233,4,2010
ST3242,ST4233,18,2010
ST3248,ST4233,19,2010
ST4231,ST4233,0,2010
ST4233,ST4233,187,2010
ST4241,ST4233,17,2010
ST4245,ST4233,14,2010
SP4261,ST4233,9,2010
ESP2107,ST4233,8,2010
DSA1101,ST4241,8,2010
DSA2101,ST4241,6,2010
DSA3101,ST4241,14,2010
DSA4211,ST4241,17,2010
DSA4264,ST4241,4,2010
ST1131,ST4241,18,2010
ST1232,ST4241,7,2010
ST2131&MA2216,ST4241,17,2010
ST2132,ST4241,6,2010
ST2137,ST4241,11,2010
ST2334,ST4241,15,2010
ST3131,ST4241,4,2010
ST3233,ST4241,7,2010
ST3236&MA3238,ST4241,5,2010
ST3240,ST4241,15,2010
ST3242,ST4241,5,2010
ST3248,ST4241,17,2010
ST4231,ST4241,14,2010
ST4233,ST4241,10,2010
ST4241,ST4241,75,2010
ST4245,ST4241,17,2010
SP4261,ST4241,2,2010
ESP2107,ST4241,17,2010
DSA1101,ST4245,13,2010
DSA2101,ST4245,20,2010
DSA3101,ST4245,3,2010
DSA4211,ST4245,11,2010
DSA4264,ST4245,10,2010
ST1131,ST4245,13,2010
ST1232,ST4245,5,2010
ST2131&MA2216,ST4245,9,2010
ST2132,ST4245,16,2010
ST2137,ST4245,18,2010
ST2334,ST4245,4,2010
ST3131,ST4245,11,2010
ST3233,ST4245,18,2010
ST3236&MA3238,ST4245,0,2010
ST3240,ST4245,6,2010
ST3242,ST4245,16,2010
ST3248,ST4245,4,2010
ST4231,ST4245,19,2010
ST4233,ST4245,12,2010
ST4241,ST4245,6,2010
ST4245,ST4245,94,2010
SP4261,ST4245,11,2010
ESP2107,ST4245,19,2010
DSA1101,SP4261,3,2010
DSA2101,SP4261,7,2010
DSA3101,SP4261,5,2010
DSA4211,SP4261,2,2010
DSA4264,SP4261,8,2010
ST1131,SP4261,7,2010
ST1232,SP4261,17,2010
ST2131&MA2216,SP4261,1,2010
ST2132,SP4261,12,2010
ST2137,SP4261,5,2010
ST2334,SP4261,19,2010
ST3131,SP4261,18,2010
ST3233,SP4261,19,2010
ST3236&MA3238,SP4261,8,2010
ST3240,SP4261,18,2010
ST3242,SP4261,3,2010
ST3248,SP4261,9,2010
ST4231,SP4261,9,2010
ST4233,SP4261,10,2010
ST4241,SP4261,12,2010
ST4245,SP4261,4,2010
SP4261,SP4261,269,2010
ESP2107,SP4261,10,2010
DSA1101,ESP2107,16,2010
DSA2101,ESP2107,15,2010
DSA3101,ESP2107,8,2010
DSA4211,ESP2107,20,2010
DSA4264,ESP2107,10,2010
ST1131,ESP2107,17,2010
ST1232,ESP2107,12,2010
ST2131&MA2216,ESP2107,18,2010
ST2132,ESP2107,7,2010
ST2137,ESP2107,20,2010
ST2334,ESP2107,7,2010
ST3131,ESP2107,2,2010
ST3233,ESP2107,4,2010
ST3236&MA3238,ESP2107,0,2010
ST3240,ESP2107,17,2010
ST3242,ESP2107,1,2010
ST3248,ESP2107,4,2010
ST4231,ESP2107,12,2010
ST4233,ESP2107,13,2010
ST4241,ESP2107,10,2010
ST4245,ESP2107,16,2010
SP4261,ESP2107,11,2010
ESP2107,ESP2107,286,2010
DSA2101,DSA2101,78,2020
DSA4212,DSA2101,10,2020
DSA4263,DSA2101,11,2020
ST1232,DSA2101,15,2020
ST2131&MA2216,DSA2101,3,2020
ST2132,DSA2101,20,2020
ST2137,DSA2101,16,2020
ST2334,DSA2101,9,2020
ST3131,DSA2101,9,2020
ST3232,DSA2101,8,2020
ST3236&MA3238,DSA2101,9,2020
ST3239,DSA2101,1,2020
ST3241,DSA2101,1,2020
ST3244,DSA2101,18,2020
ST3246,DSA2101,19,2020
ST3247,DSA2101,15,2020
ST4232,DSA2101,10,2020
ST4234,DSA2101,2,2020
ST4238&MA4251,DSA2101,2,2020
ST4242,DSA2101,1,2020
ST4248,DSA2101,8,2020
DSA2101,DSA4212,16,2020
DSA4212,DSA4212,197,2020
DSA4263,DSA4212,14,2020
ST1232,DSA4212,0,2020
ST2131&MA2216,DSA4212,9,2020
ST2132,DSA4212,18,2020
ST2137,DSA4212,9,2020
ST2334,DSA4212,15,2020
ST3131,DSA4212,4,2020
ST3232,DSA4212,13,2020
ST3236&MA3238,DSA4212,20,2020
ST3239,DSA4212,0,2020
ST3241,DSA4212,6,2020
ST3244,DSA4212,14,2020
ST3246,DSA4212,10,2020
ST3247,DSA4212,0,2020
ST4232,DSA4212,16,2020
ST4234,DSA4212,17,2020
ST4238&MA4251,DSA4212,13,2020
ST4242,DSA4212,4,2020
ST4248,DSA4212,18,2020
DSA2101,DSA4263,4,2020
DSA4212,DSA4263,19,2020
DSA4263,DSA4263,206,2020
ST1232,DSA4263,12,2020
ST2131&MA2216,DSA4263,18,2020
ST2132,DSA4263,5,2020
ST2137,DSA4263,18,2020
ST2334,DSA4263,20,2020
ST3131,DSA4263,3,2020
ST3232,DSA4263,17,2020
ST3236&MA3238,DSA4263,5,2020
ST3239,DSA4263,5,2020
ST3241,DSA4263,2,2020
ST3244,DSA4263,12,2020
ST3246,DSA4263,14,2020
ST3247,DSA4263,15,2020
ST4232,DSA4263,19,2020
ST4234,DSA4263,6,2020
ST4238&MA4251,DSA4263,15,2020
ST4242,DSA4263,11,2020
ST4248,DSA4263,10,2020
DSA2101,ST1232,4,2020
DSA4212,ST1232,19,2020
DSA4263,ST1232,12,2020
ST1232,ST1232,265,2020
ST2131&MA2216,ST1232,5,2020
ST2132,ST1232,10,2020
ST2137,ST1232,3,2020
ST2334,ST1232,8,2020
ST3131,ST1232,6,2020
ST3232,ST1232,16,2020
ST3236&MA3238,ST1232,19,2020
ST3239,ST1232,17,2020
ST3241,ST1232,17,2020
ST3244,ST1232,2,2020
ST3246,ST1232,6,2020
ST3247,ST1232,1,2020
ST4232,ST1232,10,2020
ST4234,ST1232,10,2020
ST4238&MA4251,ST1232,14,2020
ST4242,ST1232,19,2020
ST4248,ST1232,18,2020
DSA2101,ST2131.MA2216,9,2020
DSA4212,ST2131.MA2216,15,2020
DSA4263,ST2131.MA2216,19,2020
ST1232,ST2131.MA2216,20,2020
ST2131&MA2216,ST2131.MA2216,14,2020
ST2132,ST2131.MA2216,18,2020
ST2137,ST2131.MA2216,7,2020
ST2334,ST2131.MA2216,13,2020
ST3131,ST2131.MA2216,16,2020
ST3232,ST2131.MA2216,15,2020
ST3236&MA3238,ST2131.MA2216,13,2020
ST3239,ST2131.MA2216,13,2020
ST3241,ST2131.MA2216,20,2020
ST3244,ST2131.MA2216,1,2020
ST3246,ST2131.MA2216,9,2020
ST3247,ST2131.MA2216,8,2020
ST4232,ST2131.MA2216,0,2020
ST4234,ST2131.MA2216,2,2020
ST4238&MA4251,ST2131.MA2216,15,2020
ST4242,ST2131.MA2216,3,2020
ST4248,ST2131.MA2216,10,2020
DSA2101,ST2132,1,2020
DSA4212,ST2132,1,2020
DSA4263,ST2132,1,2020
ST1232,ST2132,11,2020
ST2131&MA2216,ST2132,11,2020
ST2132,ST2132,152,2020
ST2137,ST2132,4,2020
ST2334,ST2132,3,2020
ST3131,ST2132,3,2020
ST3232,ST2132,10,2020
ST3236&MA3238,ST2132,14,2020
ST3239,ST2132,20,2020
ST3241,ST2132,2,2020
ST3244,ST2132,15,2020
ST3246,ST2132,1,2020
ST3247,ST2132,0,2020
ST4232,ST2132,1,2020
ST4234,ST2132,19,2020
ST4238&MA4251,ST2132,2,2020
ST4242,ST2132,2,2020
ST4248,ST2132,20,2020
DSA2101,ST2137,4,2020
DSA4212,ST2137,12,2020
DSA4263,ST2137,15,2020
ST1232,ST2137,7,2020
ST2131&MA2216,ST2137,20,2020
ST2132,ST2137,14,2020
ST2137,ST2137,187,2020
ST2334,ST2137,13,2020
ST3131,ST2137,16,2020
ST3232,ST2137,17,2020
ST3236&MA3238,ST2137,2,2020
ST3239,ST2137,20,2020
ST3241,ST2137,3,2020
ST3244,ST2137,6,2020
ST3246,ST2137,17,2020
ST3247,ST2137,5,2020
ST4232,ST2137,5,2020
ST4234,ST2137,14,2020
ST4238&MA4251,ST2137,11,2020
ST4242,ST2137,17,2020
ST4248,ST2137,1,2020
DSA2101,ST2334,13,2020
DSA4212,ST2334,14,2020
DSA4263,ST2334,10,2020
ST1232,ST2334,18,2020
ST2131&MA2216,ST2334,3,2020
ST2132,ST2334,13,2020
ST2137,ST2334,13,2020
ST2334,ST2334,50,2020
ST3131,ST2334,0,2020
ST3232,ST2334,4,2020
ST3236&MA3238,ST2334,4,2020
ST3239,ST2334,9,2020
ST3241,ST2334,3,2020
ST3244,ST2334,16,2020
ST3246,ST2334,1,2020
ST3247,ST2334,9,2020
ST4232,ST2334,20,2020
ST4234,ST2334,8,2020
ST4238&MA4251,ST2334,11,2020
ST4242,ST2334,9,2020
ST4248,ST2334,17,2020
DSA2101,ST3131,12,2020
DSA4212,ST3131,14,2020
DSA4263,ST3131,19,2020
ST1232,ST3131,1,2020
ST2131&MA2216,ST3131,0,2020
ST2132,ST3131,5,2020
ST2137,ST3131,10,2020
ST2334,ST3131,18,2020
ST3131,ST3131,226,2020
ST3232,ST3131,8,2020
ST3236&MA3238,ST3131,0,2020
ST3239,ST3131,19,2020
ST3241,ST3131,7,2020
ST3244,ST3131,8,2020
ST3246,ST3131,4,2020
ST3247,ST3131,3,2020
ST4232,ST3131,17,2020
ST4234,ST3131,3,2020
ST4238&MA4251,ST3131,12,2020
ST4242,ST3131,2,2020
ST4248,ST3131,19,2020
DSA2101,ST3232,13,2020
DSA4212,ST3232,16,2020
DSA4263,ST3232,5,2020
ST1232,ST3232,20,2020
ST2131&MA2216,ST3232,5,2020
ST2132,ST3232,19,2020
ST2137,ST3232,16,2020
ST2334,ST3232,18,2020
ST3131,ST3232,6,2020
ST3232,ST3232,288,2020
ST3236&MA3238,ST3232,2,2020
ST3239,ST3232,17,2020
ST3241,ST3232,13,2020
ST3244,ST3232,0,2020
ST3246,ST3232,13,2020
ST3247,ST3232,17,2020
ST4232,ST3232,8,2020
ST4234,ST3232,6,2020
ST4238&MA4251,ST3232,9,2020
ST4242,ST3232,16,2020
ST4248,ST3232,6,2020
DSA2101,ST3236.MA3238,11,2020
DSA4212,ST3236.MA3238,9,2020
DSA4263,ST3236.MA3238,5,2020
ST1232,ST3236.MA3238,12,2020
ST2131&MA2216,ST3236.MA3238,18,2020
ST2132,ST3236.MA3238,13,2020
ST2137,ST3236.MA3238,6,2020
ST2334,ST3236.MA3238,3,2020
ST3131,ST3236.MA3238,6,2020
ST3232,ST3236.MA3238,10,2020
ST3236&MA3238,ST3236.MA3238,18,2020
ST3239,ST3236.MA3238,4,2020
ST3241,ST3236.MA3238,7,2020
ST3244,ST3236.MA3238,12,2020
ST3246,ST3236.MA3238,7,2020
ST3247,ST3236.MA3238,15,2020
ST4232,ST3236.MA3238,20,2020
ST4234,ST3236.MA3238,17,2020
ST4238&MA4251,ST3236.MA3238,19,2020
ST4242,ST3236.MA3238,14,2020
ST4248,ST3236.MA3238,3,2020
DSA2101,ST3239,20,2020
DSA4212,ST3239,13,2020
DSA4263,ST3239,7,2020
ST1232,ST3239,5,2020
ST2131&MA2216,ST3239,6,2020
ST2132,ST3239,18,2020
ST2137,ST3239,7,2020
ST2334,ST3239,7,2020
ST3131,ST3239,8,2020
ST3232,ST3239,19,2020
ST3236&MA3238,ST3239,3,2020
ST3239,ST3239,277,2020
ST3241,ST3239,18,2020
ST3244,ST3239,9,2020
ST3246,ST3239,2,2020
ST3247,ST3239,10,2020
ST4232,ST3239,5,2020
ST4234,ST3239,0,2020
ST4238&MA4251,ST3239,13,2020
ST4242,ST3239,9,2020
ST4248,ST3239,13,2020
DSA2101,ST3241,14,2020
DSA4212,ST3241,1,2020
DSA4263,ST3241,0,2020
ST1232,ST3241,12,2020
ST2131&MA2216,ST3241,16,2020
ST2132,ST3241,19,2020
ST2137,ST3241,20,2020
ST2334,ST3241,5,2020
ST3131,ST3241,20,2020
ST3232,ST3241,6,2020
ST3236&MA3238,ST3241,5,2020
ST3239,ST3241,12,2020
ST3241,ST3241,190,2020
ST3244,ST3241,18,2020
ST3246,ST3241,1,2020
ST3247,ST3241,13,2020
ST4232,ST3241,17,2020
ST4234,ST3241,12,2020
ST4238&MA4251,ST3241,12,2020
ST4242,ST3241,3,2020
ST4248,ST3241,2,2020
DSA2101,ST3244,0,2020
DSA4212,ST3244,14,2020
DSA4263,ST3244,4,2020
ST1232,ST3244,16,2020
ST2131&MA2216,ST3244,3,2020
ST2132,ST3244,11,2020
ST2137,ST3244,5,2020
ST2334,ST3244,19,2020
ST3131,ST3244,6,2020
ST3232,ST3244,8,2020
ST3236&MA3238,ST3244,16,2020
ST3239,ST3244,20,2020
ST3241,ST3244,11,2020
ST3244,ST3244,70,2020
ST3246,ST3244,16,2020
ST3247,ST3244,11,2020
ST4232,ST3244,7,2020
ST4234,ST3244,12,2020
ST4238&MA4251,ST3244,8,2020
ST4242,ST3244,10,2020
ST4248,ST3244,2,2020
DSA2101,ST3246,13,2020
DSA4212,ST3246,5,2020
DSA4263,ST3246,1,2020
ST1232,ST3246,19,2020
ST2131&MA2216,ST3246,1,2020
ST2132,ST3246,11,2020
ST2137,ST3246,0,2020
ST2334,ST3246,19,2020
ST3131,ST3246,11,2020
ST3232,ST3246,20,2020
ST3236&MA3238,ST3246,8,2020
ST3239,ST3246,19,2020
ST3241,ST3246,11,2020
ST3244,ST3246,7,2020
ST3246,ST3246,63,2020
ST3247,ST3246,14,2020
ST4232,ST3246,10,2020
ST4234,ST3246,8,2020
ST4238&MA4251,ST3246,11,2020
ST4242,ST3246,19,2020
ST4248,ST3246,14,2020
DSA2101,ST3247,0,2020
DSA4212,ST3247,5,2020
DSA4263,ST3247,16,2020
ST1232,ST3247,15,2020
ST2131&MA2216,ST3247,19,2020
ST2132,ST3247,7,2020
ST2137,ST3247,14,2020
ST2334,ST3247,14,2020
ST3131,ST3247,16,2020
ST3232,ST3247,20,2020
ST3236&MA3238,ST3247,9,2020
ST3239,ST3247,8,2020
ST3241,ST3247,17,2020
ST3244,ST3247,16,2020
ST3246,ST3247,7,2020
ST3247,ST3247,280,2020
ST4232,ST3247,0,2020
ST4234,ST3247,12,2020
ST4238&MA4251,ST3247,12,2020
ST4242,ST3247,14,2020
ST4248,ST3247,10,2020
DSA2101,ST4232,2,2020
DSA4212,ST4232,1,2020
DSA4263,ST4232,1,2020
ST1232,ST4232,11,2020
ST2131&MA2216,ST4232,19,2020
ST2132,ST4232,7,2020
ST2137,ST4232,9,2020
ST2334,ST4232,20,2020
ST3131,ST4232,17,2020
ST3232,ST4232,3,2020
ST3236&MA3238,ST4232,7,2020
ST3239,ST4232,11,2020
ST3241,ST4232,8,2020
ST3244,ST4232,16,2020
ST3246,ST4232,7,2020
ST3247,ST4232,7,2020
ST4232,ST4232,92,2020
ST4234,ST4232,3,2020
ST4238&MA4251,ST4232,7,2020
ST4242,ST4232,7,2020
ST4248,ST4232,6,2020
DSA2101,ST4234,12,2020
DSA4212,ST4234,9,2020
DSA4263,ST4234,4,2020
ST1232,ST4234,4,2020
ST2131&MA2216,ST4234,15,2020
ST2132,ST4234,3,2020
ST2137,ST4234,10,2020
ST2334,ST4234,13,2020
ST3131,ST4234,10,2020
ST3232,ST4234,8,2020
ST3236&MA3238,ST4234,15,2020
ST3239,ST4234,0,2020
ST3241,ST4234,4,2020
ST3244,ST4234,16,2020
ST3246,ST4234,14,2020
ST3247,ST4234,20,2020
ST4232,ST4234,14,2020
ST4234,ST4234,142,2020
ST4238&MA4251,ST4234,17,2020
ST4242,ST4234,9,2020
ST4248,ST4234,12,2020
DSA2101,ST4238.MA4251,10,2020
DSA4212,ST4238.MA4251,2,2020
DSA4263,ST4238.MA4251,11,2020
ST1232,ST4238.MA4251,8,2020
ST2131&MA2216,ST4238.MA4251,7,2020
ST2132,ST4238.MA4251,8,2020
ST2137,ST4238.MA4251,6,2020
ST2334,ST4238.MA4251,11,2020
ST3131,ST4238.MA4251,9,2020
ST3232,ST4238.MA4251,6,2020
ST3236&MA3238,ST4238.MA4251,4,2020
ST3239,ST4238.MA4251,12,2020
ST3241,ST4238.MA4251,11,2020
ST3244,ST4238.MA4251,17,2020
ST3246,ST4238.MA4251,14,2020
ST3247,ST4238.MA4251,1,2020
ST4232,ST4238.MA4251,6,2020
ST4234,ST4238.MA4251,13,2020
ST4238&MA4251,ST4238.MA4251,7,2020
ST4242,ST4238.MA4251,11,2020
ST4248,ST4238.MA4251,9,2020
DSA2101,ST4242,16,2020
DSA4212,ST4242,1,2020
DSA4263,ST4242,17,2020
ST1232,ST4242,18,2020
ST2131&MA2216,ST4242,6,2020
ST2132,ST4242,1,2020
ST2137,ST4242,11,2020
ST2334,ST4242,11,2020
ST3131,ST4242,17,2020
ST3232,ST4242,8,2020
ST3236&MA3238,ST4242,9,2020
ST3239,ST4242,11,2020
ST3241,ST4242,15,2020
ST3244,ST4242,8,2020
ST3246,ST4242,2,2020
ST3247,ST4242,6,2020
ST4232,ST4242,1,2020
ST4234,ST4242,14,2020
ST4238&MA4251,ST4242,4,2020
ST4242,ST4242,289,2020
ST4248,ST4242,10,2020
DSA2101,ST4248,12,2020
DSA4212,ST4248,6,2020
DSA4263,ST4248,19,2020
ST1232,ST4248,4,2020
ST2131&MA2216,ST4248,10,2020
ST2132,ST4248,1,2020
ST2137,ST4248,11,2020
ST2334,ST4248,12,2020
ST3131,ST4248,3,2020
ST3232,ST4248,16,2020
ST3236&MA3238,ST4248,7,2020
ST3239,ST4248,11,2020
ST3241,ST4248,14,2020
ST3244,ST4248,7,2020
ST3246,ST4248,6,2020
ST3247,ST4248,16,2020
ST4232,ST4248,7,2020
ST4234,ST4248,20,2020
ST4238&MA4251,ST4248,19,2020
ST4242,ST4248,15,2020
ST4248,ST4248,267,2020
DSA1101,DSA1101,240,2110
DSA2101,DSA1101,15,2110
DSA3101,DSA1101,15,2110
DSA4211,DSA1101,5,2110
DSA4266,DSA1101,15,2110
DSE1101,DSA1101,13,2110
ESP2107,DSA1101,3,2110
FSC4201,DSA1101,15,2110
ST1131,DSA1101,10,2110
ST2131&MA2216,DSA1101,13,2110
ST2132,DSA1101,12,2110
ST2137,DSA1101,3,2110
ST2334,DSA1101,2,2110
ST3131,DSA1101,7,2110
ST3236&MA3238,DSA1101,0,2110
ST3239,DSA1101,16,2110
ST3248,DSA1101,14,2110
ST4231,DSA1101,17,2110
ST4233,DSA1101,19,2110
ST4241,DSA1101,10,2110
ST4245,DSA1101,16,2110
ST4250,DSA1101,3,2110
ST4253,DSA1101,3,2110
DSA1101,DSA2101,13,2110
DSA2101,DSA2101,171,2110
DSA3101,DSA2101,17,2110
DSA4211,DSA2101,9,2110
DSA4266,DSA2101,7,2110
DSE1101,DSA2101,11,2110
ESP2107,DSA2101,7,2110
FSC4201,DSA2101,3,2110
ST1131,DSA2101,13,2110
ST2131&MA2216,DSA2101,16,2110
ST2132,DSA2101,9,2110
ST2137,DSA2101,13,2110
ST2334,DSA2101,13,2110
ST3131,DSA2101,2,2110
ST3236&MA3238,DSA2101,4,2110
ST3239,DSA2101,10,2110
ST3248,DSA2101,16,2110
ST4231,DSA2101,4,2110
ST4233,DSA2101,8,2110
ST4241,DSA2101,3,2110
ST4245,DSA2101,5,2110
ST4250,DSA2101,14,2110
ST4253,DSA2101,11,2110
DSA1101,DSA3101,2,2110
DSA2101,DSA3101,0,2110
DSA3101,DSA3101,127,2110
DSA4211,DSA3101,14,2110
DSA4266,DSA3101,12,2110
DSE1101,DSA3101,14,2110
ESP2107,DSA3101,6,2110
FSC4201,DSA3101,18,2110
ST1131,DSA3101,1,2110
ST2131&MA2216,DSA3101,13,2110
ST2132,DSA3101,14,2110
ST2137,DSA3101,7,2110
ST2334,DSA3101,4,2110
ST3131,DSA3101,6,2110
ST3236&MA3238,DSA3101,14,2110
ST3239,DSA3101,20,2110
ST3248,DSA3101,19,2110
ST4231,DSA3101,9,2110
ST4233,DSA3101,12,2110
ST4241,DSA3101,6,2110
ST4245,DSA3101,9,2110
ST4250,DSA3101,7,2110
ST4253,DSA3101,10,2110
DSA1101,DSA4211,5,2110
DSA2101,DSA4211,15,2110
DSA3101,DSA4211,0,2110
DSA4211,DSA4211,271,2110
DSA4266,DSA4211,19,2110
DSE1101,DSA4211,20,2110
ESP2107,DSA4211,8,2110
FSC4201,DSA4211,8,2110
ST1131,DSA4211,13,2110
ST2131&MA2216,DSA4211,7,2110
ST2132,DSA4211,11,2110
ST2137,DSA4211,1,2110
ST2334,DSA4211,16,2110
ST3131,DSA4211,0,2110
ST3236&MA3238,DSA4211,11,2110
ST3239,DSA4211,2,2110
ST3248,DSA4211,5,2110
ST4231,DSA4211,9,2110
ST4233,DSA4211,11,2110
ST4241,DSA4211,2,2110
ST4245,DSA4211,3,2110
ST4250,DSA4211,7,2110
ST4253,DSA4211,5,2110
DSA1101,DSA4266,9,2110
DSA2101,DSA4266,10,2110
DSA3101,DSA4266,7,2110
DSA4211,DSA4266,19,2110
DSA4266,DSA4266,133,2110
DSE1101,DSA4266,2,2110
ESP2107,DSA4266,1,2110
FSC4201,DSA4266,5,2110
ST1131,DSA4266,0,2110
ST2131&MA2216,DSA4266,0,2110
ST2132,DSA4266,11,2110
ST2137,DSA4266,12,2110
ST2334,DSA4266,14,2110
ST3131,DSA4266,20,2110
ST3236&MA3238,DSA4266,18,2110
ST3239,DSA4266,9,2110
ST3248,DSA4266,19,2110
ST4231,DSA4266,9,2110
ST4233,DSA4266,19,2110
ST4241,DSA4266,15,2110
ST4245,DSA4266,14,2110
ST4250,DSA4266,9,2110
ST4253,DSA4266,20,2110
DSA1101,DSE1101,20,2110
DSA2101,DSE1101,20,2110
DSA3101,DSE1101,17,2110
DSA4211,DSE1101,1,2110
DSA4266,DSE1101,19,2110
DSE1101,DSE1101,165,2110
ESP2107,DSE1101,2,2110
FSC4201,DSE1101,2,2110
ST1131,DSE1101,19,2110
ST2131&MA2216,DSE1101,9,2110
ST2132,DSE1101,8,2110
ST2137,DSE1101,12,2110
ST2334,DSE1101,8,2110
ST3131,DSE1101,1,2110
ST3236&MA3238,DSE1101,12,2110
ST3239,DSE1101,4,2110
ST3248,DSE1101,1,2110
ST4231,DSE1101,11,2110
ST4233,DSE1101,14,2110
ST4241,DSE1101,14,2110
ST4245,DSE1101,2,2110
ST4250,DSE1101,19,2110
ST4253,DSE1101,6,2110
DSA1101,ESP2107,8,2110
DSA2101,ESP2107,16,2110
DSA3101,ESP2107,0,2110
DSA4211,ESP2107,14,2110
DSA4266,ESP2107,8,2110
DSE1101,ESP2107,14,2110
ESP2107,ESP2107,252,2110
FSC4201,ESP2107,19,2110
ST1131,ESP2107,6,2110
ST2131&MA2216,ESP2107,13,2110
ST2132,ESP2107,14,2110
ST2137,ESP2107,6,2110
ST2334,ESP2107,17,2110
ST3131,ESP2107,15,2110
ST3236&MA3238,ESP2107,16,2110
ST3239,ESP2107,2,2110
ST3248,ESP2107,3,2110
ST4231,ESP2107,10,2110
ST4233,ESP2107,14,2110
ST4241,ESP2107,11,2110
ST4245,ESP2107,16,2110
ST4250,ESP2107,13,2110
ST4253,ESP2107,13,2110
DSA1101,FSC4201,19,2110
DSA2101,FSC4201,0,2110
DSA3101,FSC4201,19,2110
DSA4211,FSC4201,0,2110
DSA4266,FSC4201,16,2110
DSE1101,FSC4201,16,2110
ESP2107,FSC4201,9,2110
FSC4201,FSC4201,64,2110
ST1131,FSC4201,16,2110
ST2131&MA2216,FSC4201,20,2110
ST2132,FSC4201,5,2110
ST2137,FSC4201,11,2110
ST2334,FSC4201,10,2110
ST3131,FSC4201,3,2110
ST3236&MA3238,FSC4201,10,2110
ST3239,FSC4201,19,2110
ST3248,FSC4201,14,2110
ST4231,FSC4201,9,2110
ST4233,FSC4201,3,2110
ST4241,FSC4201,16,2110
ST4245,FSC4201,12,2110
ST4250,FSC4201,8,2110
ST4253,FSC4201,15,2110
DSA1101,ST1131,12,2110
DSA2101,ST1131,20,2110
DSA3101,ST1131,18,2110
DSA4211,ST1131,13,2110
DSA4266,ST1131,15,2110
DSE1101,ST1131,19,2110
ESP2107,ST1131,3,2110
FSC4201,ST1131,13,2110
ST1131,ST1131,231,2110
ST2131&MA2216,ST1131,20,2110
ST2132,ST1131,18,2110
ST2137,ST1131,3,2110
ST2334,ST1131,10,2110
ST3131,ST1131,1,2110
ST3236&MA3238,ST1131,14,2110
ST3239,ST1131,15,2110
ST3248,ST1131,1,2110
ST4231,ST1131,5,2110
ST4233,ST1131,7,2110
ST4241,ST1131,19,2110
ST4245,ST1131,5,2110
ST4250,ST1131,11,2110
ST4253,ST1131,15,2110
DSA1101,ST2131.MA2216,5,2110
DSA2101,ST2131.MA2216,0,2110
DSA3101,ST2131.MA2216,18,2110
DSA4211,ST2131.MA2216,14,2110
DSA4266,ST2131.MA2216,1,2110
DSE1101,ST2131.MA2216,10,2110
ESP2107,ST2131.MA2216,12,2110
FSC4201,ST2131.MA2216,4,2110
ST1131,ST2131.MA2216,11,2110
ST2131&MA2216,ST2131.MA2216,8,2110
ST2132,ST2131.MA2216,2,2110
ST2137,ST2131.MA2216,8,2110
ST2334,ST2131.MA2216,2,2110
ST3131,ST2131.MA2216,7,2110
ST3236&MA3238,ST2131.MA2216,17,2110
ST3239,ST2131.MA2216,0,2110
ST3248,ST2131.MA2216,17,2110
ST4231,ST2131.MA2216,8,2110
ST4233,ST2131.MA2216,15,2110
ST4241,ST2131.MA2216,17,2110
ST4245,ST2131.MA2216,0,2110
ST4250,ST2131.MA2216,3,2110
ST4253,ST2131.MA2216,4,2110
DSA1101,ST2132,20,2110
DSA2101,ST2132,7,2110
DSA3101,ST2132,7,2110
DSA4211,ST2132,16,2110
DSA4266,ST2132,11,2110
DSE1101,ST2132,13,2110
ESP2107,ST2132,0,2110
FSC4201,ST2132,7,2110
ST1131,ST2132,15,2110
ST2131&MA2216,ST2132,11,2110
ST2132,ST2132,171,2110
ST2137,ST2132,1,2110
ST2334,ST2132,20,2110
ST3131,ST2132,20,2110
ST3236&MA3238,ST2132,12,2110
ST3239,ST2132,7,2110
ST3248,ST2132,19,2110
ST4231,ST2132,11,2110
ST4233,ST2132,9,2110
ST4241,ST2132,12,2110
ST4245,ST2132,10,2110
ST4250,ST2132,5,2110
ST4253,ST2132,4,2110
DSA1101,ST2137,5,2110
DSA2101,ST2137,1,2110
DSA3101,ST2137,20,2110
DSA4211,ST2137,10,2110
DSA4266,ST2137,19,2110
DSE1101,ST2137,11,2110
ESP2107,ST2137,20,2110
FSC4201,ST2137,8,2110
ST1131,ST2137,1,2110
ST2131&MA2216,ST2137,14,2110
ST2132,ST2137,11,2110
ST2137,ST2137,169,2110
ST2334,ST2137,7,2110
ST3131,ST2137,11,2110
ST3236&MA3238,ST2137,0,2110
ST3239,ST2137,19,2110
ST3248,ST2137,0,2110
ST4231,ST2137,10,2110
ST4233,ST2137,10,2110
ST4241,ST2137,13,2110
ST4245,ST2137,19,2110
ST4250,ST2137,18,2110
ST4253,ST2137,2,2110
DSA1101,ST2334,2,2110
DSA2101,ST2334,14,2110
DSA3101,ST2334,7,2110
DSA4211,ST2334,16,2110
DSA4266,ST2334,16,2110
DSE1101,ST2334,11,2110
ESP2107,ST2334,14,2110
FSC4201,ST2334,16,2110
ST1131,ST2334,4,2110
ST2131&MA2216,ST2334,11,2110
ST2132,ST2334,19,2110
ST2137,ST2334,11,2110
ST2334,ST2334,144,2110
ST3131,ST2334,0,2110
ST3236&MA3238,ST2334,5,2110
ST3239,ST2334,10,2110
ST3248,ST2334,14,2110
ST4231,ST2334,10,2110
ST4233,ST2334,19,2110
ST4241,ST2334,5,2110
ST4245,ST2334,16,2110
ST4250,ST2334,8,2110
ST4253,ST2334,9,2110
DSA1101,ST3131,12,2110
DSA2101,ST3131,7,2110
DSA3101,ST3131,1,2110
DSA4211,ST3131,16,2110
DSA4266,ST3131,17,2110
DSE1101,ST3131,17,2110
ESP2107,ST3131,4,2110
FSC4201,ST3131,2,2110
ST1131,ST3131,15,2110
ST2131&MA2216,ST3131,1,2110
ST2132,ST3131,17,2110
ST2137,ST3131,12,2110
ST2334,ST3131,12,2110
ST3131,ST3131,132,2110
ST3236&MA3238,ST3131,2,2110
ST3239,ST3131,8,2110
ST3248,ST3131,19,2110
ST4231,ST3131,8,2110
ST4233,ST3131,7,2110
ST4241,ST3131,17,2110
ST4245,ST3131,13,2110
ST4250,ST3131,9,2110
ST4253,ST3131,13,2110
DSA1101,ST3236.MA3238,20,2110
DSA2101,ST3236.MA3238,20,2110
DSA3101,ST3236.MA3238,6,2110
DSA4211,ST3236.MA3238,6,2110
DSA4266,ST3236.MA3238,20,2110
DSE1101,ST3236.MA3238,4,2110
ESP2107,ST3236.MA3238,8,2110
FSC4201,ST3236.MA3238,17,2110
ST1131,ST3236.MA3238,18,2110
ST2131&MA2216,ST3236.MA3238,4,2110
ST2132,ST3236.MA3238,2,2110
ST2137,ST3236.MA3238,11,2110
ST2334,ST3236.MA3238,19,2110
ST3131,ST3236.MA3238,1,2110
ST3236&MA3238,ST3236.MA3238,19,2110
ST3239,ST3236.MA3238,18,2110
ST3248,ST3236.MA3238,15,2110
ST4231,ST3236.MA3238,11,2110
ST4233,ST3236.MA3238,19,2110
ST4241,ST3236.MA3238,14,2110
ST4245,ST3236.MA3238,13,2110
ST4250,ST3236.MA3238,9,2110
ST4253,ST3236.MA3238,12,2110
DSA1101,ST3239,1,2110
DSA2101,ST3239,9,2110
DSA3101,ST3239,17,2110
DSA4211,ST3239,12,2110
DSA4266,ST3239,6,2110
DSE1101,ST3239,1,2110
ESP2107,ST3239,1,2110
FSC4201,ST3239,4,2110
ST1131,ST3239,16,2110
ST2131&MA2216,ST3239,4,2110
ST2132,ST3239,0,2110
ST2137,ST3239,14,2110
ST2334,ST3239,8,2110
ST3131,ST3239,2,2110
ST3236&MA3238,ST3239,17,2110
ST3239,ST3239,223,2110
ST3248,ST3239,11,2110
ST4231,ST3239,7,2110
ST4233,ST3239,1,2110
ST4241,ST3239,1,2110
ST4245,ST3239,11,2110
ST4250,ST3239,9,2110
ST4253,ST3239,16,2110
DSA1101,ST3248,14,2110
DSA2101,ST3248,0,2110
DSA3101,ST3248,16,2110
DSA4211,ST3248,1,2110
DSA4266,ST3248,17,2110
DSE1101,ST3248,2,2110
ESP2107,ST3248,10,2110
FSC4201,ST3248,13,2110
ST1131,ST3248,18,2110
ST2131&MA2216,ST3248,12,2110
ST2132,ST3248,9,2110
ST2137,ST3248,14,2110
ST2334,ST3248,13,2110
ST3131,ST3248,18,2110
ST3236&MA3238,ST3248,19,2110
ST3239,ST3248,9,2110
ST3248,ST3248,169,2110
ST4231,ST3248,13,2110
ST4233,ST3248,19,2110
ST4241,ST3248,19,2110
ST4245,ST3248,16,2110
ST4250,ST3248,16,2110
ST4253,ST3248,19,2110
DSA1101,ST4231,4,2110
DSA2101,ST4231,17,2110
DSA3101,ST4231,17,2110
DSA4211,ST4231,6,2110
DSA4266,ST4231,0,2110
DSE1101,ST4231,6,2110
ESP2107,ST4231,8,2110
FSC4201,ST4231,17,2110
ST1131,ST4231,3,2110
ST2131&MA2216,ST4231,20,2110
ST2132,ST4231,14,2110
ST2137,ST4231,13,2110
ST2334,ST4231,10,2110
ST3131,ST4231,17,2110
ST3236&MA3238,ST4231,17,2110
ST3239,ST4231,2,2110
ST3248,ST4231,10,2110
ST4231,ST4231,169,2110
ST4233,ST4231,18,2110
ST4241,ST4231,6,2110
ST4245,ST4231,11,2110
ST4250,ST4231,6,2110
ST4253,ST4231,11,2110
DSA1101,ST4233,18,2110
DSA2101,ST4233,17,2110
DSA3101,ST4233,7,2110
DSA4211,ST4233,19,2110
DSA4266,ST4233,20,2110
DSE1101,ST4233,13,2110
ESP2107,ST4233,9,2110
FSC4201,ST4233,1,2110
ST1131,ST4233,12,2110
ST2131&MA2216,ST4233,19,2110
ST2132,ST4233,15,2110
ST2137,ST4233,11,2110
ST2334,ST4233,14,2110
ST3131,ST4233,14,2110
ST3236&MA3238,ST4233,7,2110
ST3239,ST4233,7,2110
ST3248,ST4233,2,2110
ST4231,ST4233,3,2110
ST4233,ST4233,278,2110
ST4241,ST4233,1,2110
ST4245,ST4233,17,2110
ST4250,ST4233,9,2110
ST4253,ST4233,1,2110
DSA1101,ST4241,2,2110
DSA2101,ST4241,0,2110
DSA3101,ST4241,13,2110
DSA4211,ST4241,2,2110
DSA4266,ST4241,12,2110
DSE1101,ST4241,3,2110
ESP2107,ST4241,6,2110
FSC4201,ST4241,19,2110
ST1131,ST4241,3,2110
ST2131&MA2216,ST4241,13,2110
ST2132,ST4241,7,2110
ST2137,ST4241,11,2110
ST2334,ST4241,12,2110
ST3131,ST4241,11,2110
ST3236&MA3238,ST4241,0,2110
ST3239,ST4241,8,2110
ST3248,ST4241,19,2110
ST4231,ST4241,3,2110
ST4233,ST4241,15,2110
ST4241,ST4241,177,2110
ST4245,ST4241,18,2110
ST4250,ST4241,20,2110
ST4253,ST4241,13,2110
DSA1101,ST4245,1,2110
DSA2101,ST4245,4,2110
DSA3101,ST4245,9,2110
DSA4211,ST4245,3,2110
DSA4266,ST4245,3,2110
DSE1101,ST4245,9,2110
ESP2107,ST4245,9,2110
FSC4201,ST4245,7,2110
ST1131,ST4245,6,2110
ST2131&MA2216,ST4245,0,2110
ST2132,ST4245,13,2110
ST2137,ST4245,3,2110
ST2334,ST4245,9,2110
ST3131,ST4245,18,2110
ST3236&MA3238,ST4245,4,2110
ST3239,ST4245,8,2110
ST3248,ST4245,13,2110
ST4231,ST4245,4,2110
ST4233,ST4245,11,2110
ST4241,ST4245,8,2110
ST4245,ST4245,51,2110
ST4250,ST4245,3,2110
ST4253,ST4245,0,2110
DSA1101,ST4250,16,2110
DSA2101,ST4250,17,2110
DSA3101,ST4250,17,2110
DSA4211,ST4250,8,2110
DSA4266,ST4250,10,2110
DSE1101,ST4250,8,2110
ESP2107,ST4250,13,2110
FSC4201,ST4250,1,2110
ST1131,ST4250,8,2110
ST2131&MA2216,ST4250,10,2110
ST2132,ST4250,14,2110
ST2137,ST4250,4,2110
ST2334,ST4250,16,2110
ST3131,ST4250,17,2110
ST3236&MA3238,ST4250,16,2110
ST3239,ST4250,14,2110
ST3248,ST4250,16,2110
ST4231,ST4250,17,2110
ST4233,ST4250,17,2110
ST4241,ST4250,17,2110
ST4245,ST4250,11,2110
ST4250,ST4250,187,2110
ST4253,ST4250,5,2110
DSA1101,ST4253,7,2110
DSA2101,ST4253,13,2110
DSA3101,ST4253,17,2110
DSA4211,ST4253,7,2110
DSA4266,ST4253,12,2110
DSE1101,ST4253,2,2110
ESP2107,ST4253,3,2110
FSC4201,ST4253,15,2110
ST1131,ST4253,20,2110
ST2131&MA2216,ST4253,1,2110
ST2132,ST4253,16,2110
ST2137,ST4253,8,2110
ST2334,ST4253,9,2110
ST3131,ST4253,10,2110
ST3236&MA3238,ST4253,1,2110
ST3239,ST4253,10,2110
ST3248,ST4253,15,2110
ST4231,ST4253,2,2110
ST4233,ST4253,15,2110
ST4241,ST4253,3,2110
ST4245,ST4253,18,2110
ST4250,ST4253,15,2110
ST4253,ST4253,145,2110
DSA1101,DSA1101,119,2120
DSA2101,DSA1101,15,2120
DSA3101,DSA1101,10,2120
DSA4212,DSA1101,6,2120
DSA4265,DSA1101,6,2120
ST1131,DSA1101,18,2120
ST2131&MA2216,DSA1101,20,2120
ST2132,DSA1101,1,2120
ST2137,DSA1101,0,2120
ST2334,DSA1101,19,2120
ST3131,DSA1101,12,2120
ST3232,DSA1101,2,2120
ST3236&MA3238,DSA1101,2,2120
ST3244,DSA1101,2,2120
ST3246,DSA1101,15,2120
ST3247,DSA1101,16,2120
ST4234,DSA1101,1,2120
ST4238&MA4251,DSA1101,4,2120
ST4248,DSA1101,11,2120
ST4251,DSA1101,7,2120
ST4252,DSA1101,4,2120
DSA1101,DSA2101,15,2120
DSA2101,DSA2101,198,2120
DSA3101,DSA2101,1,2120
DSA4212,DSA2101,9,2120
DSA4265,DSA2101,11,2120
ST1131,DSA2101,4,2120
ST2131&MA2216,DSA2101,18,2120
ST2132,DSA2101,15,2120
ST2137,DSA2101,16,2120
ST2334,DSA2101,14,2120
ST3131,DSA2101,0,2120
ST3232,DSA2101,0,2120
ST3236&MA3238,DSA2101,11,2120
ST3244,DSA2101,6,2120
ST3246,DSA2101,9,2120
ST3247,DSA2101,1,2120
ST4234,DSA2101,18,2120
ST4238&MA4251,DSA2101,18,2120
ST4248,DSA2101,19,2120
ST4251,DSA2101,3,2120
ST4252,DSA2101,7,2120
DSA1101,DSA3101,17,2120
DSA2101,DSA3101,13,2120
DSA3101,DSA3101,81,2120
DSA4212,DSA3101,8,2120
DSA4265,DSA3101,7,2120
ST1131,DSA3101,4,2120
ST2131&MA2216,DSA3101,0,2120
ST2132,DSA3101,9,2120
ST2137,DSA3101,5,2120
ST2334,DSA3101,8,2120
ST3131,DSA3101,10,2120
ST3232,DSA3101,6,2120
ST3236&MA3238,DSA3101,2,2120
ST3244,DSA3101,1,2120
ST3246,DSA3101,2,2120
ST3247,DSA3101,11,2120
ST4234,DSA3101,16,2120
ST4238&MA4251,DSA3101,9,2120
ST4248,DSA3101,8,2120
ST4251,DSA3101,12,2120
ST4252,DSA3101,2,2120
DSA1101,DSA4212,4,2120
DSA2101,DSA4212,16,2120
DSA3101,DSA4212,18,2120
DSA4212,DSA4212,269,2120
DSA4265,DSA4212,17,2120
ST1131,DSA4212,19,2120
ST2131&MA2216,DSA4212,16,2120
ST2132,DSA4212,2,2120
ST2137,DSA4212,1,2120
ST2334,DSA4212,18,2120
ST3131,DSA4212,14,2120
ST3232,DSA4212,16,2120
ST3236&MA3238,DSA4212,10,2120
ST3244,DSA4212,5,2120
ST3246,DSA4212,12,2120
ST3247,DSA4212,1,2120
ST4234,DSA4212,12,2120
ST4238&MA4251,DSA4212,1,2120
ST4248,DSA4212,17,2120
ST4251,DSA4212,17,2120
ST4252,DSA4212,19,2120
DSA1101,DSA4265,12,2120
DSA2101,DSA4265,6,2120
DSA3101,DSA4265,0,2120
DSA4212,DSA4265,6,2120
DSA4265,DSA4265,290,2120
ST1131,DSA4265,16,2120
ST2131&MA2216,DSA4265,17,2120
ST2132,DSA4265,0,2120
ST2137,DSA4265,17,2120
ST2334,DSA4265,17,2120
ST3131,DSA4265,18,2120
ST3232,DSA4265,3,2120
ST3236&MA3238,DSA4265,0,2120
ST3244,DSA4265,7,2120
ST3246,DSA4265,15,2120
ST3247,DSA4265,20,2120
ST4234,DSA4265,10,2120
ST4238&MA4251,DSA4265,17,2120
ST4248,DSA4265,11,2120
ST4251,DSA4265,19,2120
ST4252,DSA4265,6,2120
DSA1101,ST1131,10,2120
DSA2101,ST1131,12,2120
DSA3101,ST1131,14,2120
DSA4212,ST1131,3,2120
DSA4265,ST1131,0,2120
ST1131,ST1131,198,2120
ST2131&MA2216,ST1131,11,2120
ST2132,ST1131,0,2120
ST2137,ST1131,2,2120
ST2334,ST1131,5,2120
ST3131,ST1131,14,2120
ST3232,ST1131,15,2120
ST3236&MA3238,ST1131,15,2120
ST3244,ST1131,2,2120
ST3246,ST1131,20,2120
ST3247,ST1131,6,2120
ST4234,ST1131,6,2120
ST4238&MA4251,ST1131,17,2120
ST4248,ST1131,19,2120
ST4251,ST1131,11,2120
ST4252,ST1131,9,2120
DSA1101,ST2131.MA2216,13,2120
DSA2101,ST2131.MA2216,4,2120
DSA3101,ST2131.MA2216,8,2120
DSA4212,ST2131.MA2216,15,2120
DSA4265,ST2131.MA2216,9,2120
ST1131,ST2131.MA2216,4,2120
ST2131&MA2216,ST2131.MA2216,17,2120
ST2132,ST2131.MA2216,19,2120
ST2137,ST2131.MA2216,4,2120
ST2334,ST2131.MA2216,14,2120
ST3131,ST2131.MA2216,1,2120
ST3232,ST2131.MA2216,9,2120
ST3236&MA3238,ST2131.MA2216,19,2120
ST3244,ST2131.MA2216,20,2120
ST3246,ST2131.MA2216,10,2120
ST3247,ST2131.MA2216,16,2120
ST4234,ST2131.MA2216,13,2120
ST4238&MA4251,ST2131.MA2216,17,2120
ST4248,ST2131.MA2216,10,2120
ST4251,ST2131.MA2216,10,2120
ST4252,ST2131.MA2216,15,2120
DSA1101,ST2132,9,2120
DSA2101,ST2132,15,2120
DSA3101,ST2132,3,2120
DSA4212,ST2132,5,2120
DSA4265,ST2132,12,2120
ST1131,ST2132,13,2120
ST2131&MA2216,ST2132,12,2120
ST2132,ST2132,182,2120
ST2137,ST2132,10,2120
ST2334,ST2132,20,2120
ST3131,ST2132,6,2120
ST3232,ST2132,8,2120
ST3236&MA3238,ST2132,15,2120
ST3244,ST2132,0,2120
ST3246,ST2132,18,2120
ST3247,ST2132,14,2120
ST4234,ST2132,10,2120
ST4238&MA4251,ST2132,7,2120
ST4248,ST2132,18,2120
ST4251,ST2132,0,2120
ST4252,ST2132,15,2120
DSA1101,ST2137,0,2120
DSA2101,ST2137,20,2120
DSA3101,ST2137,4,2120
DSA4212,ST2137,19,2120
DSA4265,ST2137,15,2120
ST1131,ST2137,10,2120
ST2131&MA2216,ST2137,20,2120
ST2132,ST2137,15,2120
ST2137,ST2137,277,2120
ST2334,ST2137,6,2120
ST3131,ST2137,19,2120
ST3232,ST2137,1,2120
ST3236&MA3238,ST2137,12,2120
ST3244,ST2137,18,2120
ST3246,ST2137,4,2120
ST3247,ST2137,19,2120
ST4234,ST2137,12,2120
ST4238&MA4251,ST2137,8,2120
ST4248,ST2137,9,2120
ST4251,ST2137,5,2120
ST4252,ST2137,5,2120
DSA1101,ST2334,6,2120
DSA2101,ST2334,14,2120
DSA3101,ST2334,8,2120
DSA4212,ST2334,11,2120
DSA4265,ST2334,18,2120
ST1131,ST2334,6,2120
ST2131&MA2216,ST2334,20,2120
ST2132,ST2334,8,2120
ST2137,ST2334,2,2120
ST2334,ST2334,205,2120
ST3131,ST2334,17,2120
ST3232,ST2334,8,2120
ST3236&MA3238,ST2334,8,2120
ST3244,ST2334,17,2120
ST3246,ST2334,10,2120
ST3247,ST2334,16,2120
ST4234,ST2334,15,2120
ST4238&MA4251,ST2334,16,2120
ST4248,ST2334,11,2120
ST4251,ST2334,3,2120
ST4252,ST2334,7,2120
DSA1101,ST3131,19,2120
DSA2101,ST3131,1,2120
DSA3101,ST3131,0,2120
DSA4212,ST3131,13,2120
DSA4265,ST3131,2,2120
ST1131,ST3131,1,2120
ST2131&MA2216,ST3131,19,2120
ST2132,ST3131,1,2120
ST2137,ST3131,7,2120
ST2334,ST3131,3,2120
ST3131,ST3131,66,2120
ST3232,ST3131,12,2120
ST3236&MA3238,ST3131,1,2120
ST3244,ST3131,9,2120
ST3246,ST3131,8,2120
ST3247,ST3131,13,2120
ST4234,ST3131,6,2120
ST4238&MA4251,ST3131,9,2120
ST4248,ST3131,16,2120
ST4251,ST3131,10,2120
ST4252,ST3131,18,2120
DSA1101,ST3232,13,2120
DSA2101,ST3232,17,2120
DSA3101,ST3232,10,2120
DSA4212,ST3232,0,2120
DSA4265,ST3232,10,2120
ST1131,ST3232,1,2120
ST2131&MA2216,ST3232,19,2120
ST2132,ST3232,11,2120
ST2137,ST3232,17,2120
ST2334,ST3232,5,2120
ST3131,ST3232,14,2120
ST3232,ST3232,271,2120
ST3236&MA3238,ST3232,18,2120
ST3244,ST3232,4,2120
ST3246,ST3232,13,2120
ST3247,ST3232,12,2120
ST4234,ST3232,1,2120
ST4238&MA4251,ST3232,5,2120
ST4248,ST3232,16,2120
ST4251,ST3232,9,2120
ST4252,ST3232,19,2120
DSA1101,ST3236.MA3238,9,2120
DSA2101,ST3236.MA3238,4,2120
DSA3101,ST3236.MA3238,10,2120
DSA4212,ST3236.MA3238,4,2120
DSA4265,ST3236.MA3238,20,2120
ST1131,ST3236.MA3238,16,2120
ST2131&MA2216,ST3236.MA3238,9,2120
ST2132,ST3236.MA3238,10,2120
ST2137,ST3236.MA3238,9,2120
ST2334,ST3236.MA3238,5,2120
ST3131,ST3236.MA3238,1,2120
ST3232,ST3236.MA3238,6,2120
ST3236&MA3238,ST3236.MA3238,14,2120
ST3244,ST3236.MA3238,19,2120
ST3246,ST3236.MA3238,11,2120
ST3247,ST3236.MA3238,6,2120
ST4234,ST3236.MA3238,6,2120
ST4238&MA4251,ST3236.MA3238,5,2120
ST4248,ST3236.MA3238,7,2120
ST4251,ST3236.MA3238,15,2120
ST4252,ST3236.MA3238,2,2120
DSA1101,ST3244,17,2120
DSA2101,ST3244,17,2120
DSA3101,ST3244,19,2120
DSA4212,ST3244,3,2120
DSA4265,ST3244,16,2120
ST1131,ST3244,3,2120
ST2131&MA2216,ST3244,8,2120
ST2132,ST3244,17,2120
ST2137,ST3244,13,2120
ST2334,ST3244,0,2120
ST3131,ST3244,15,2120
ST3232,ST3244,9,2120
ST3236&MA3238,ST3244,14,2120
ST3244,ST3244,190,2120
ST3246,ST3244,9,2120
ST3247,ST3244,10,2120
ST4234,ST3244,16,2120
ST4238&MA4251,ST3244,9,2120
ST4248,ST3244,5,2120
ST4251,ST3244,4,2120
ST4252,ST3244,9,2120
DSA1101,ST3246,7,2120
DSA2101,ST3246,14,2120
DSA3101,ST3246,18,2120
DSA4212,ST3246,0,2120
DSA4265,ST3246,20,2120
ST1131,ST3246,16,2120
ST2131&MA2216,ST3246,16,2120
ST2132,ST3246,18,2120
ST2137,ST3246,11,2120
ST2334,ST3246,9,2120
ST3131,ST3246,17,2120
ST3232,ST3246,4,2120
ST3236&MA3238,ST3246,20,2120
ST3244,ST3246,9,2120
ST3246,ST3246,82,2120
ST3247,ST3246,8,2120
ST4234,ST3246,15,2120
ST4238&MA4251,ST3246,13,2120
ST4248,ST3246,15,2120
ST4251,ST3246,1,2120
ST4252,ST3246,11,2120
DSA1101,ST3247,2,2120
DSA2101,ST3247,16,2120
DSA3101,ST3247,16,2120
DSA4212,ST3247,0,2120
DSA4265,ST3247,5,2120
ST1131,ST3247,7,2120
ST2131&MA2216,ST3247,5,2120
ST2132,ST3247,1,2120
ST2137,ST3247,12,2120
ST2334,ST3247,1,2120
ST3131,ST3247,4,2120
ST3232,ST3247,11,2120
ST3236&MA3238,ST3247,17,2120
ST3244,ST3247,11,2120
ST3246,ST3247,4,2120
ST3247,ST3247,268,2120
ST4234,ST3247,0,2120
ST4238&MA4251,ST3247,1,2120
ST4248,ST3247,10,2120
ST4251,ST3247,18,2120
ST4252,ST3247,16,2120
DSA1101,ST4234,8,2120
DSA2101,ST4234,12,2120
DSA3101,ST4234,6,2120
DSA4212,ST4234,20,2120
DSA4265,ST4234,16,2120
ST1131,ST4234,16,2120
ST2131&MA2216,ST4234,8,2120
ST2132,ST4234,9,2120
ST2137,ST4234,14,2120
ST2334,ST4234,1,2120
ST3131,ST4234,9,2120
ST3232,ST4234,16,2120
ST3236&MA3238,ST4234,7,2120
ST3244,ST4234,15,2120
ST3246,ST4234,15,2120
ST3247,ST4234,16,2120
ST4234,ST4234,259,2120
ST4238&MA4251,ST4234,14,2120
ST4248,ST4234,15,2120
ST4251,ST4234,11,2120
ST4252,ST4234,17,2120
DSA1101,ST4238.MA4251,10,2120
DSA2101,ST4238.MA4251,17,2120
DSA3101,ST4238.MA4251,8,2120
DSA4212,ST4238.MA4251,7,2120
DSA4265,ST4238.MA4251,3,2120
ST1131,ST4238.MA4251,6,2120
ST2131&MA2216,ST4238.MA4251,20,2120
ST2132,ST4238.MA4251,6,2120
ST2137,ST4238.MA4251,0,2120
ST2334,ST4238.MA4251,8,2120
ST3131,ST4238.MA4251,4,2120
ST3232,ST4238.MA4251,0,2120
ST3236&MA3238,ST4238.MA4251,10,2120
ST3244,ST4238.MA4251,15,2120
ST3246,ST4238.MA4251,0,2120
ST3247,ST4238.MA4251,12,2120
ST4234,ST4238.MA4251,3,2120
ST4238&MA4251,ST4238.MA4251,4,2120
ST4248,ST4238.MA4251,20,2120
ST4251,ST4238.MA4251,6,2120
ST4252,ST4238.MA4251,8,2120
DSA1101,ST4248,4,2120
DSA2101,ST4248,12,2120
DSA3101,ST4248,13,2120
DSA4212,ST4248,0,2120
DSA4265,ST4248,18,2120
ST1131,ST4248,16,2120
ST2131&MA2216,ST4248,11,2120
ST2132,ST4248,5,2120
ST2137,ST4248,10,2120
ST2334,ST4248,15,2120
ST3131,ST4248,9,2120
ST3232,ST4248,2,2120
ST3236&MA3238,ST4248,1,2120
ST3244,ST4248,6,2120
ST3246,ST4248,11,2120
ST3247,ST4248,10,2120
ST4234,ST4248,8,2120
ST4238&MA4251,ST4248,16,2120
ST4248,ST4248,248,2120
ST4251,ST4248,20,2120
ST4252,ST4248,18,2120
DSA1101,ST4251,16,2120
DSA2101,ST4251,7,2120
DSA3101,ST4251,20,2120
DSA4212,ST4251,2,2120
DSA4265,ST4251,4,2120
ST1131,ST4251,19,2120
ST2131&MA2216,ST4251,2,2120
ST2132,ST4251,2,2120
ST2137,ST4251,20,2120
ST2334,ST4251,11,2120
ST3131,ST4251,13,2120
ST3232,ST4251,6,2120
ST3236&MA3238,ST4251,6,2120
ST3244,ST4251,2,2120
ST3246,ST4251,9,2120
ST3247,ST4251,14,2120
ST4234,ST4251,6,2120
ST4238&MA4251,ST4251,7,2120
ST4248,ST4251,17,2120
ST4251,ST4251,193,2120
ST4252,ST4251,14,2120
DSA1101,ST4252,2,2120
DSA2101,ST4252,15,2120
DSA3101,ST4252,11,2120
DSA4212,ST4252,0,2120
DSA4265,ST4252,7,2120
ST1131,ST4252,20,2120
ST2131&MA2216,ST4252,3,2120
ST2132,ST4252,14,2120
ST2137,ST4252,6,2120
ST2334,ST4252,20,2120
ST3131,ST4252,6,2120
ST3232,ST4252,0,2120
ST3236&MA3238,ST4252,15,2120
ST3244,ST4252,17,2120
ST3246,ST4252,4,2120
ST3247,ST4252,2,2120
ST4234,ST4252,5,2120
ST4238&MA4251,ST4252,10,2120
ST4248,ST4252,9,2120
ST4251,ST4252,2,2120
ST4252,ST4252,194,2120
DSA1101,DSA1101,160,2210
DSA2101,DSA1101,7,2210
DSA3101,DSA1101,10,2210
DSA3361,DSA1101,15,2210
DSA4211,DSA1101,9,2210
DSA4262,DSA1101,16,2210
DSE1101,DSA1101,13,2210
ST1131,DSA1101,11,2210
ST2131&MA2116,DSA1101,3,2210
ST2132,DSA1101,10,2210
ST2137,DSA1101,16,2210
ST2334,DSA1101,13,2210
ST3131,DSA1101,7,2210
ST3239,DSA1101,19,2210
ST3248,DSA1101,14,2210
ST4231,DSA1101,1,2210
ST4233,DSA1101,2,2210
ST4245,DSA1101,3,2210
ST4250,DSA1101,17,2210
ST4253,DSA1101,19,2210
ESP2107,DSA1101,20,2210
FSC4201,DSA1101,16,2210
DSA1101,DSA2101,18,2210
DSA2101,DSA2101,210,2210
DSA3101,DSA2101,1,2210
DSA3361,DSA2101,15,2210
DSA4211,DSA2101,6,2210
DSA4262,DSA2101,17,2210
DSE1101,DSA2101,11,2210
ST1131,DSA2101,12,2210
ST2131&MA2116,DSA2101,15,2210
ST2132,DSA2101,15,2210
ST2137,DSA2101,7,2210
ST2334,DSA2101,15,2210
ST3131,DSA2101,16,2210
ST3239,DSA2101,16,2210
ST3248,DSA2101,9,2210
ST4231,DSA2101,8,2210
ST4233,DSA2101,5,2210
ST4245,DSA2101,6,2210
ST4250,DSA2101,4,2210
ST4253,DSA2101,12,2210
ESP2107,DSA2101,15,2210
FSC4201,DSA2101,9,2210
DSA1101,DSA3101,20,2210
DSA2101,DSA3101,12,2210
DSA3101,DSA3101,278,2210
DSA3361,DSA3101,15,2210
DSA4211,DSA3101,16,2210
DSA4262,DSA3101,2,2210
DSE1101,DSA3101,2,2210
ST1131,DSA3101,13,2210
ST2131&MA2116,DSA3101,8,2210
ST2132,DSA3101,1,2210
ST2137,DSA3101,15,2210
ST2334,DSA3101,3,2210
ST3131,DSA3101,18,2210
ST3239,DSA3101,2,2210
ST3248,DSA3101,3,2210
ST4231,DSA3101,14,2210
ST4233,DSA3101,7,2210
ST4245,DSA3101,16,2210
ST4250,DSA3101,12,2210
ST4253,DSA3101,5,2210
ESP2107,DSA3101,0,2210
FSC4201,DSA3101,6,2210
DSA1101,DSA3361,17,2210
DSA2101,DSA3361,18,2210
DSA3101,DSA3361,2,2210
DSA3361,DSA3361,118,2210
DSA4211,DSA3361,10,2210
DSA4262,DSA3361,18,2210
DSE1101,DSA3361,17,2210
ST1131,DSA3361,5,2210
ST2131&MA2116,DSA3361,5,2210
ST2132,DSA3361,11,2210
ST2137,DSA3361,13,2210
ST2334,DSA3361,5,2210
ST3131,DSA3361,0,2210
ST3239,DSA3361,19,2210
ST3248,DSA3361,5,2210
ST4231,DSA3361,0,2210
ST4233,DSA3361,3,2210
ST4245,DSA3361,6,2210
ST4250,DSA3361,3,2210
ST4253,DSA3361,11,2210
ESP2107,DSA3361,16,2210
FSC4201,DSA3361,16,2210
DSA1101,DSA4211,18,2210
DSA2101,DSA4211,18,2210
DSA3101,DSA4211,15,2210
DSA3361,DSA4211,12,2210
DSA4211,DSA4211,186,2210
DSA4262,DSA4211,4,2210
DSE1101,DSA4211,19,2210
ST1131,DSA4211,9,2210
ST2131&MA2116,DSA4211,1,2210
ST2132,DSA4211,3,2210
ST2137,DSA4211,8,2210
ST2334,DSA4211,15,2210
ST3131,DSA4211,1,2210
ST3239,DSA4211,11,2210
ST3248,DSA4211,16,2210
ST4231,DSA4211,15,2210
ST4233,DSA4211,9,2210
ST4245,DSA4211,9,2210
ST4250,DSA4211,5,2210
ST4253,DSA4211,10,2210
ESP2107,DSA4211,10,2210
FSC4201,DSA4211,6,2210
DSA1101,DSA4262,12,2210
DSA2101,DSA4262,18,2210
DSA3101,DSA4262,4,2210
DSA3361,DSA4262,1,2210
DSA4211,DSA4262,18,2210
DSA4262,DSA4262,284,2210
DSE1101,DSA4262,1,2210
ST1131,DSA4262,10,2210
ST2131&MA2116,DSA4262,18,2210
ST2132,DSA4262,7,2210
ST2137,DSA4262,8,2210
ST2334,DSA4262,18,2210
ST3131,DSA4262,20,2210
ST3239,DSA4262,17,2210
ST3248,DSA4262,16,2210
ST4231,DSA4262,8,2210
ST4233,DSA4262,16,2210
ST4245,DSA4262,15,2210
ST4250,DSA4262,3,2210
ST4253,DSA4262,19,2210
ESP2107,DSA4262,15,2210
FSC4201,DSA4262,10,2210
DSA1101,DSE1101,10,2210
DSA2101,DSE1101,13,2210
DSA3101,DSE1101,8,2210
DSA3361,DSE1101,2,2210
DSA4211,DSE1101,8,2210
DSA4262,DSE1101,20,2210
DSE1101,DSE1101,200,2210
ST1131,DSE1101,16,2210
ST2131&MA2116,DSE1101,12,2210
ST2132,DSE1101,0,2210
ST2137,DSE1101,7,2210
ST2334,DSE1101,13,2210
ST3131,DSE1101,4,2210
ST3239,DSE1101,11,2210
ST3248,DSE1101,1,2210
ST4231,DSE1101,17,2210
ST4233,DSE1101,13,2210
ST4245,DSE1101,12,2210
ST4250,DSE1101,15,2210
ST4253,DSE1101,14,2210
ESP2107,DSE1101,11,2210
FSC4201,DSE1101,0,2210
DSA1101,ST1131,12,2210
DSA2101,ST1131,13,2210
DSA3101,ST1131,1,2210
DSA3361,ST1131,0,2210
DSA4211,ST1131,8,2210
DSA4262,ST1131,5,2210
DSE1101,ST1131,10,2210
ST1131,ST1131,232,2210
ST2131&MA2116,ST1131,13,2210
ST2132,ST1131,2,2210
ST2137,ST1131,1,2210
ST2334,ST1131,19,2210
ST3131,ST1131,15,2210
ST3239,ST1131,12,2210
ST3248,ST1131,7,2210
ST4231,ST1131,3,2210
ST4233,ST1131,8,2210
ST4245,ST1131,4,2210
ST4250,ST1131,0,2210
ST4253,ST1131,14,2210
ESP2107,ST1131,6,2210
FSC4201,ST1131,17,2210
DSA1101,ST2131.MA2116,18,2210
DSA2101,ST2131.MA2116,3,2210
DSA3101,ST2131.MA2116,20,2210
DSA3361,ST2131.MA2116,7,2210
DSA4211,ST2131.MA2116,3,2210
DSA4262,ST2131.MA2116,5,2210
DSE1101,ST2131.MA2116,11,2210
ST1131,ST2131.MA2116,3,2210
ST2131&MA2116,ST2131.MA2116,0,2210
ST2132,ST2131.MA2116,20,2210
ST2137,ST2131.MA2116,12,2210
ST2334,ST2131.MA2116,14,2210
ST3131,ST2131.MA2116,0,2210
ST3239,ST2131.MA2116,16,2210
ST3248,ST2131.MA2116,20,2210
ST4231,ST2131.MA2116,18,2210
ST4233,ST2131.MA2116,9,2210
ST4245,ST2131.MA2116,12,2210
ST4250,ST2131.MA2116,19,2210
ST4253,ST2131.MA2116,8,2210
ESP2107,ST2131.MA2116,17,2210
FSC4201,ST2131.MA2116,2,2210
DSA1101,ST2132,17,2210
DSA2101,ST2132,11,2210
DSA3101,ST2132,6,2210
DSA3361,ST2132,18,2210
DSA4211,ST2132,12,2210
DSA4262,ST2132,4,2210
DSE1101,ST2132,10,2210
ST1131,ST2132,12,2210
ST2131&MA2116,ST2132,14,2210
ST2132,ST2132,219,2210
ST2137,ST2132,1,2210
ST2334,ST2132,13,2210
ST3131,ST2132,19,2210
ST3239,ST2132,13,2210
ST3248,ST2132,12,2210
ST4231,ST2132,0,2210
ST4233,ST2132,1,2210
ST4245,ST2132,17,2210
ST4250,ST2132,2,2210
ST4253,ST2132,5,2210
ESP2107,ST2132,18,2210
FSC4201,ST2132,12,2210
DSA1101,ST2137,0,2210
DSA2101,ST2137,16,2210
DSA3101,ST2137,4,2210
DSA3361,ST2137,4,2210
DSA4211,ST2137,7,2210
DSA4262,ST2137,14,2210
DSE1101,ST2137,7,2210
ST1131,ST2137,1,2210
ST2131&MA2116,ST2137,9,2210
ST2132,ST2137,1,2210
ST2137,ST2137,140,2210
ST2334,ST2137,0,2210
ST3131,ST2137,19,2210
ST3239,ST2137,18,2210
ST3248,ST2137,19,2210
ST4231,ST2137,1,2210
ST4233,ST2137,0,2210
ST4245,ST2137,14,2210
ST4250,ST2137,5,2210
ST4253,ST2137,19,2210
ESP2107,ST2137,16,2210
FSC4201,ST2137,4,2210
DSA1101,ST2334,16,2210
DSA2101,ST2334,7,2210
DSA3101,ST2334,16,2210
DSA3361,ST2334,13,2210
DSA4211,ST2334,3,2210
DSA4262,ST2334,12,2210
DSE1101,ST2334,0,2210
ST1131,ST2334,13,2210
ST2131&MA2116,ST2334,9,2210
ST2132,ST2334,6,2210
ST2137,ST2334,8,2210
ST2334,ST2334,96,2210
ST3131,ST2334,18,2210
ST3239,ST2334,5,2210
ST3248,ST2334,0,2210
ST4231,ST2334,19,2210
ST4233,ST2334,10,2210
ST4245,ST2334,4,2210
ST4250,ST2334,16,2210
ST4253,ST2334,3,2210
ESP2107,ST2334,20,2210
FSC4201,ST2334,9,2210
DSA1101,ST3131,14,2210
DSA2101,ST3131,8,2210
DSA3101,ST3131,14,2210
DSA3361,ST3131,6,2210
DSA4211,ST3131,4,2210
DSA4262,ST3131,5,2210
DSE1101,ST3131,10,2210
ST1131,ST3131,5,2210
ST2131&MA2116,ST3131,3,2210
ST2132,ST3131,14,2210
ST2137,ST3131,14,2210
ST2334,ST3131,18,2210
ST3131,ST3131,84,2210
ST3239,ST3131,0,2210
ST3248,ST3131,13,2210
ST4231,ST3131,16,2210
ST4233,ST3131,20,2210
ST4245,ST3131,6,2210
ST4250,ST3131,1,2210
ST4253,ST3131,17,2210
ESP2107,ST3131,6,2210
FSC4201,ST3131,0,2210
DSA1101,ST3239,6,2210
DSA2101,ST3239,0,2210
DSA3101,ST3239,0,2210
DSA3361,ST3239,18,2210
DSA4211,ST3239,19,2210
DSA4262,ST3239,2,2210
DSE1101,ST3239,0,2210
ST1131,ST3239,15,2210
ST2131&MA2116,ST3239,17,2210
ST2132,ST3239,2,2210
ST2137,ST3239,18,2210
ST2334,ST3239,2,2210
ST3131,ST3239,13,2210
ST3239,ST3239,278,2210
ST3248,ST3239,2,2210
ST4231,ST3239,7,2210
ST4233,ST3239,14,2210
ST4245,ST3239,0,2210
ST4250,ST3239,9,2210
ST4253,ST3239,18,2210
ESP2107,ST3239,11,2210
FSC4201,ST3239,2,2210
DSA1101,ST3248,15,2210
DSA2101,ST3248,13,2210
DSA3101,ST3248,20,2210
DSA3361,ST3248,16,2210
DSA4211,ST3248,19,2210
DSA4262,ST3248,4,2210
DSE1101,ST3248,7,2210
ST1131,ST3248,8,2210
ST2131&MA2116,ST3248,13,2210
ST2132,ST3248,12,2210
ST2137,ST3248,16,2210
ST2334,ST3248,16,2210
ST3131,ST3248,8,2210
ST3239,ST3248,0,2210
ST3248,ST3248,111,2210
ST4231,ST3248,9,2210
ST4233,ST3248,3,2210
ST4245,ST3248,19,2210
ST4250,ST3248,18,2210
ST4253,ST3248,5,2210
ESP2107,ST3248,12,2210
FSC4201,ST3248,20,2210
DSA1101,ST4231,18,2210
DSA2101,ST4231,18,2210
DSA3101,ST4231,18,2210
DSA3361,ST4231,5,2210
DSA4211,ST4231,3,2210
DSA4262,ST4231,18,2210
DSE1101,ST4231,12,2210
ST1131,ST4231,7,2210
ST2131&MA2116,ST4231,20,2210
ST2132,ST4231,18,2210
ST2137,ST4231,5,2210
ST2334,ST4231,10,2210
ST3131,ST4231,19,2210
ST3239,ST4231,14,2210
ST3248,ST4231,11,2210
ST4231,ST4231,240,2210
ST4233,ST4231,1,2210
ST4245,ST4231,20,2210
ST4250,ST4231,5,2210
ST4253,ST4231,20,2210
ESP2107,ST4231,9,2210
FSC4201,ST4231,7,2210
DSA1101,ST4233,18,2210
DSA2101,ST4233,2,2210
DSA3101,ST4233,8,2210
DSA3361,ST4233,3,2210
DSA4211,ST4233,3,2210
DSA4262,ST4233,6,2210
DSE1101,ST4233,0,2210
ST1131,ST4233,13,2210
ST2131&MA2116,ST4233,13,2210
ST2132,ST4233,17,2210
ST2137,ST4233,2,2210
ST2334,ST4233,10,2210
ST3131,ST4233,19,2210
ST3239,ST4233,16,2210
ST3248,ST4233,15,2210
ST4231,ST4233,1,2210
ST4233,ST4233,280,2210
ST4245,ST4233,14,2210
ST4250,ST4233,6,2210
ST4253,ST4233,1,2210
ESP2107,ST4233,14,2210
FSC4201,ST4233,1,2210
DSA1101,ST4245,13,2210
DSA2101,ST4245,8,2210
DSA3101,ST4245,3,2210
DSA3361,ST4245,4,2210
DSA4211,ST4245,15,2210
DSA4262,ST4245,20,2210
DSE1101,ST4245,4,2210
ST1131,ST4245,3,2210
ST2131&MA2116,ST4245,2,2210
ST2132,ST4245,13,2210
ST2137,ST4245,6,2210
ST2334,ST4245,13,2210
ST3131,ST4245,7,2210
ST3239,ST4245,4,2210
ST3248,ST4245,11,2210
ST4231,ST4245,15,2210
ST4233,ST4245,4,2210
ST4245,ST4245,216,2210
ST4250,ST4245,19,2210
ST4253,ST4245,1,2210
ESP2107,ST4245,1,2210
FSC4201,ST4245,10,2210
DSA1101,ST4250,14,2210
DSA2101,ST4250,0,2210
DSA3101,ST4250,6,2210
DSA3361,ST4250,4,2210
DSA4211,ST4250,12,2210
DSA4262,ST4250,13,2210
DSE1101,ST4250,18,2210
ST1131,ST4250,11,2210
ST2131&MA2116,ST4250,20,2210
ST2132,ST4250,18,2210
ST2137,ST4250,7,2210
ST2334,ST4250,17,2210
ST3131,ST4250,13,2210
ST3239,ST4250,13,2210
ST3248,ST4250,9,2210
ST4231,ST4250,9,2210
ST4233,ST4250,15,2210
ST4245,ST4250,5,2210
ST4250,ST4250,152,2210
ST4253,ST4250,20,2210
ESP2107,ST4250,11,2210
FSC4201,ST4250,0,2210
DSA1101,ST4253,17,2210
DSA2101,ST4253,4,2210
DSA3101,ST4253,3,2210
DSA3361,ST4253,19,2210
DSA4211,ST4253,17,2210
DSA4262,ST4253,4,2210
DSE1101,ST4253,19,2210
ST1131,ST4253,12,2210
ST2131&MA2116,ST4253,2,2210
ST2132,ST4253,0,2210
ST2137,ST4253,20,2210
ST2334,ST4253,14,2210
ST3131,ST4253,17,2210
ST3239,ST4253,19,2210
ST3248,ST4253,9,2210
ST4231,ST4253,7,2210
ST4233,ST4253,11,2210
ST4245,ST4253,6,2210
ST4250,ST4253,13,2210
ST4253,ST4253,105,2210
ESP2107,ST4253,15,2210
FSC4201,ST4253,12,2210
DSA1101,ESP2107,9,2210
DSA2101,ESP2107,15,2210
DSA3101,ESP2107,19,2210
DSA3361,ESP2107,15,2210
DSA4211,ESP2107,10,2210
DSA4262,ESP2107,19,2210
DSE1101,ESP2107,14,2210
ST1131,ESP2107,15,2210
ST2131&MA2116,ESP2107,13,2210
ST2132,ESP2107,13,2210
ST2137,ESP2107,12,2210
ST2334,ESP2107,6,2210
ST3131,ESP2107,11,2210
ST3239,ESP2107,5,2210
ST3248,ESP2107,5,2210
ST4231,ESP2107,18,2210
ST4233,ESP2107,3,2210
ST4245,ESP2107,5,2210
ST4250,ESP2107,0,2210
ST4253,ESP2107,16,2210
ESP2107,ESP2107,262,2210
FSC4201,ESP2107,9,2210
DSA1101,FSC4201,17,2210
DSA2101,FSC4201,0,2210
DSA3101,FSC4201,9,2210
DSA3361,FSC4201,17,2210
DSA4211,FSC4201,16,2210
DSA4262,FSC4201,8,2210
DSE1101,FSC4201,20,2210
ST1131,FSC4201,3,2210
ST2131&MA2116,FSC4201,16,2210
ST2132,FSC4201,14,2210
ST2137,FSC4201,15,2210
ST2334,FSC4201,17,2210
ST3131,FSC4201,16,2210
ST3239,FSC4201,1,2210
ST3248,FSC4201,7,2210
ST4231,FSC4201,13,2210
ST4233,FSC4201,11,2210
ST4245,FSC4201,15,2210
ST4250,FSC4201,1,2210
ST4253,FSC4201,17,2210
ESP2107,FSC4201,0,2210
FSC4201,FSC4201,111,2210
DSA1101,DSA1101,135,2220
DSA2101,DSA1101,0,2220
DSA3101,DSA1101,15,2220
DSA3362,DSA1101,10,2220
DSA4212,DSA1101,9,2220
DSA4263,DSA1101,8,2220
DSA4266,DSA1101,9,2220
ST1131,DSA1101,10,2220
ST2131&MA2116,DSA1101,19,2220
ST2132,DSA1101,5,2220
ST2137,DSA1101,8,2220
ST2334,DSA1101,8,2220
ST3131,DSA1101,15,2220
ST3232,DSA1101,15,2220
ST3236&MA3238,DSA1101,13,2220
ST3244,DSA1101,1,2220
ST3246,DSA1101,10,2220
ST3247,DSA1101,14,2220
ST4234,DSA1101,1,2220
ST4238&MA4251,DSA1101,1,2220
ST4248,DSA1101,7,2220
DSA1101,DSA2101,5,2220
DSA2101,DSA2101,80,2220
DSA3101,DSA2101,10,2220
DSA3362,DSA2101,20,2220
DSA4212,DSA2101,13,2220
DSA4263,DSA2101,0,2220
DSA4266,DSA2101,19,2220
ST1131,DSA2101,6,2220
ST2131&MA2116,DSA2101,8,2220
ST2132,DSA2101,19,2220
ST2137,DSA2101,15,2220
ST2334,DSA2101,14,2220
ST3131,DSA2101,15,2220
ST3232,DSA2101,19,2220
ST3236&MA3238,DSA2101,7,2220
ST3244,DSA2101,20,2220
ST3246,DSA2101,11,2220
ST3247,DSA2101,20,2220
ST4234,DSA2101,19,2220
ST4238&MA4251,DSA2101,20,2220
ST4248,DSA2101,18,2220
DSA1101,DSA3101,5,2220
DSA2101,DSA3101,12,2220
DSA3101,DSA3101,145,2220
DSA3362,DSA3101,4,2220
DSA4212,DSA3101,9,2220
DSA4263,DSA3101,2,2220
DSA4266,DSA3101,10,2220
ST1131,DSA3101,18,2220
ST2131&MA2116,DSA3101,10,2220
ST2132,DSA3101,17,2220
ST2137,DSA3101,1,2220
ST2334,DSA3101,17,2220
ST3131,DSA3101,3,2220
ST3232,DSA3101,11,2220
ST3236&MA3238,DSA3101,7,2220
ST3244,DSA3101,16,2220
ST3246,DSA3101,6,2220
ST3247,DSA3101,20,2220
ST4234,DSA3101,8,2220
ST4238&MA4251,DSA3101,20,2220
ST4248,DSA3101,4,2220
DSA1101,DSA3362,4,2220
DSA2101,DSA3362,8,2220
DSA3101,DSA3362,20,2220
DSA3362,DSA3362,231,2220
DSA4212,DSA3362,0,2220
DSA4263,DSA3362,3,2220
DSA4266,DSA3362,16,2220
ST1131,DSA3362,5,2220
ST2131&MA2116,DSA3362,0,2220
ST2132,DSA3362,1,2220
ST2137,DSA3362,0,2220
ST2334,DSA3362,9,2220
ST3131,DSA3362,11,2220
ST3232,DSA3362,5,2220
ST3236&MA3238,DSA3362,8,2220
ST3244,DSA3362,4,2220
ST3246,DSA3362,16,2220
ST3247,DSA3362,13,2220
ST4234,DSA3362,2,2220
ST4238&MA4251,DSA3362,7,2220
ST4248,DSA3362,17,2220
DSA1101,DSA4212,19,2220
DSA2101,DSA4212,5,2220
DSA3101,DSA4212,12,2220
DSA3362,DSA4212,8,2220
DSA4212,DSA4212,254,2220
DSA4263,DSA4212,10,2220
DSA4266,DSA4212,14,2220
ST1131,DSA4212,16,2220
ST2131&MA2116,DSA4212,14,2220
ST2132,DSA4212,10,2220
ST2137,DSA4212,14,2220
ST2334,DSA4212,14,2220
ST3131,DSA4212,0,2220
ST3232,DSA4212,17,2220
ST3236&MA3238,DSA4212,6,2220
ST3244,DSA4212,7,2220
ST3246,DSA4212,8,2220
ST3247,DSA4212,4,2220
ST4234,DSA4212,2,2220
ST4238&MA4251,DSA4212,14,2220
ST4248,DSA4212,20,2220
DSA1101,DSA4263,10,2220
DSA2101,DSA4263,6,2220
DSA3101,DSA4263,13,2220
DSA3362,DSA4263,10,2220
DSA4212,DSA4263,2,2220
DSA4263,DSA4263,144,2220
DSA4266,DSA4263,14,2220
ST1131,DSA4263,17,2220
ST2131&MA2116,DSA4263,14,2220
ST2132,DSA4263,2,2220
ST2137,DSA4263,0,2220
ST2334,DSA4263,16,2220
ST3131,DSA4263,3,2220
ST3232,DSA4263,11,2220
ST3236&MA3238,DSA4263,19,2220
ST3244,DSA4263,6,2220
ST3246,DSA4263,1,2220
ST3247,DSA4263,12,2220
ST4234,DSA4263,9,2220
ST4238&MA4251,DSA4263,6,2220
ST4248,DSA4263,6,2220
DSA1101,DSA4266,17,2220
DSA2101,DSA4266,14,2220
DSA3101,DSA4266,3,2220
DSA3362,DSA4266,15,2220
DSA4212,DSA4266,10,2220
DSA4263,DSA4266,6,2220
DSA4266,DSA4266,272,2220
ST1131,DSA4266,3,2220
ST2131&MA2116,DSA4266,12,2220
ST2132,DSA4266,15,2220
ST2137,DSA4266,2,2220
ST2334,DSA4266,1,2220
ST3131,DSA4266,10,2220
ST3232,DSA4266,8,2220
ST3236&MA3238,DSA4266,0,2220
ST3244,DSA4266,7,2220
ST3246,DSA4266,4,2220
ST3247,DSA4266,18,2220
ST4234,DSA4266,8,2220
ST4238&MA4251,DSA4266,19,2220
ST4248,DSA4266,4,2220
DSA1101,ST1131,7,2220
DSA2101,ST1131,14,2220
DSA3101,ST1131,17,2220
DSA3362,ST1131,18,2220
DSA4212,ST1131,15,2220
DSA4263,ST1131,11,2220
DSA4266,ST1131,20,2220
ST1131,ST1131,245,2220
ST2131&MA2116,ST1131,5,2220
ST2132,ST1131,11,2220
ST2137,ST1131,6,2220
ST2334,ST1131,3,2220
ST3131,ST1131,9,2220
ST3232,ST1131,20,2220
ST3236&MA3238,ST1131,7,2220
ST3244,ST1131,5,2220
ST3246,ST1131,10,2220
ST3247,ST1131,6,2220
ST4234,ST1131,12,2220
ST4238&MA4251,ST1131,20,2220
ST4248,ST1131,6,2220
DSA1101,ST2131.MA2116,20,2220
DSA2101,ST2131.MA2116,17,2220
DSA3101,ST2131.MA2116,0,2220
DSA3362,ST2131.MA2116,16,2220
DSA4212,ST2131.MA2116,14,2220
DSA4263,ST2131.MA2116,14,2220
DSA4266,ST2131.MA2116,20,2220
ST1131,ST2131.MA2116,18,2220
ST2131&MA2116,ST2131.MA2116,0,2220
ST2132,ST2131.MA2116,5,2220
ST2137,ST2131.MA2116,1,2220
ST2334,ST2131.MA2116,18,2220
ST3131,ST2131.MA2116,20,2220
ST3232,ST2131.MA2116,3,2220
ST3236&MA3238,ST2131.MA2116,4,2220
ST3244,ST2131.MA2116,3,2220
ST3246,ST2131.MA2116,11,2220
ST3247,ST2131.MA2116,6,2220
ST4234,ST2131.MA2116,6,2220
ST4238&MA4251,ST2131.MA2116,13,2220
ST4248,ST2131.MA2116,13,2220
DSA1101,ST2132,5,2220
DSA2101,ST2132,13,2220
DSA3101,ST2132,5,2220
DSA3362,ST2132,6,2220
DSA4212,ST2132,11,2220
DSA4263,ST2132,2,2220
DSA4266,ST2132,13,2220
ST1131,ST2132,7,2220
ST2131&MA2116,ST2132,6,2220
ST2132,ST2132,199,2220
ST2137,ST2132,12,2220
ST2334,ST2132,1,2220
ST3131,ST2132,4,2220
ST3232,ST2132,8,2220
ST3236&MA3238,ST2132,5,2220
ST3244,ST2132,17,2220
ST3246,ST2132,20,2220
ST3247,ST2132,14,2220
ST4234,ST2132,11,2220
ST4238&MA4251,ST2132,2,2220
ST4248,ST2132,7,2220
DSA1101,ST2137,17,2220
DSA2101,ST2137,14,2220
DSA3101,ST2137,20,2220
DSA3362,ST2137,14,2220
DSA4212,ST2137,14,2220
DSA4263,ST2137,16,2220
DSA4266,ST2137,9,2220
ST1131,ST2137,19,2220
ST2131&MA2116,ST2137,15,2220
ST2132,ST2137,13,2220
ST2137,ST2137,200,2220
ST2334,ST2137,5,2220
ST3131,ST2137,18,2220
ST3232,ST2137,19,2220
ST3236&MA3238,ST2137,10,2220
ST3244,ST2137,20,2220
ST3246,ST2137,20,2220
ST3247,ST2137,14,2220
ST4234,ST2137,9,2220
ST4238&MA4251,ST2137,18,2220
ST4248,ST2137,3,2220
DSA1101,ST2334,7,2220
DSA2101,ST2334,18,2220
DSA3101,ST2334,12,2220
DSA3362,ST2334,4,2220
DSA4212,ST2334,12,2220
DSA4263,ST2334,20,2220
DSA4266,ST2334,10,2220
ST1131,ST2334,8,2220
ST2131&MA2116,ST2334,13,2220
ST2132,ST2334,16,2220
ST2137,ST2334,0,2220
ST2334,ST2334,151,2220
ST3131,ST2334,17,2220
ST3232,ST2334,9,2220
ST3236&MA3238,ST2334,20,2220
ST3244,ST2334,15,2220
ST3246,ST2334,5,2220
ST3247,ST2334,13,2220
ST4234,ST2334,16,2220
ST4238&MA4251,ST2334,20,2220
ST4248,ST2334,11,2220
DSA1101,ST3131,6,2220
DSA2101,ST3131,8,2220
DSA3101,ST3131,10,2220
DSA3362,ST3131,20,2220
DSA4212,ST3131,0,2220
DSA4263,ST3131,18,2220
DSA4266,ST3131,11,2220
ST1131,ST3131,5,2220
ST2131&MA2116,ST3131,17,2220
ST2132,ST3131,13,2220
ST2137,ST3131,3,2220
ST2334,ST3131,19,2220
ST3131,ST3131,198,2220
ST3232,ST3131,7,2220
ST3236&MA3238,ST3131,11,2220
ST3244,ST3131,20,2220
ST3246,ST3131,6,2220
ST3247,ST3131,7,2220
ST4234,ST3131,17,2220
ST4238&MA4251,ST3131,0,2220
ST4248,ST3131,10,2220
DSA1101,ST3232,19,2220
DSA2101,ST3232,16,2220
DSA3101,ST3232,19,2220
DSA3362,ST3232,10,2220
DSA4212,ST3232,9,2220
DSA4263,ST3232,3,2220
DSA4266,ST3232,20,2220
ST1131,ST3232,4,2220
ST2131&MA2116,ST3232,8,2220
ST2132,ST3232,17,2220
ST2137,ST3232,1,2220
ST2334,ST3232,14,2220
ST3131,ST3232,0,2220
ST3232,ST3232,102,2220
ST3236&MA3238,ST3232,18,2220
ST3244,ST3232,18,2220
ST3246,ST3232,18,2220
ST3247,ST3232,20,2220
ST4234,ST3232,1,2220
ST4238&MA4251,ST3232,5,2220
ST4248,ST3232,11,2220
DSA1101,ST3236.MA3238,0,2220
DSA2101,ST3236.MA3238,5,2220
DSA3101,ST3236.MA3238,12,2220
DSA3362,ST3236.MA3238,12,2220
DSA4212,ST3236.MA3238,11,2220
DSA4263,ST3236.MA3238,0,2220
DSA4266,ST3236.MA3238,1,2220
ST1131,ST3236.MA3238,13,2220
ST2131&MA2116,ST3236.MA3238,9,2220
ST2132,ST3236.MA3238,6,2220
ST2137,ST3236.MA3238,15,2220
ST2334,ST3236.MA3238,13,2220
ST3131,ST3236.MA3238,20,2220
ST3232,ST3236.MA3238,19,2220
ST3236&MA3238,ST3236.MA3238,13,2220
ST3244,ST3236.MA3238,10,2220
ST3246,ST3236.MA3238,5,2220
ST3247,ST3236.MA3238,11,2220
ST4234,ST3236.MA3238,15,2220
ST4238&MA4251,ST3236.MA3238,7,2220
ST4248,ST3236.MA3238,2,2220
DSA1101,ST3244,1,2220
DSA2101,ST3244,5,2220
DSA3101,ST3244,8,2220
DSA3362,ST3244,11,2220
DSA4212,ST3244,12,2220
DSA4263,ST3244,18,2220
DSA4266,ST3244,9,2220
ST1131,ST3244,9,2220
ST2131&MA2116,ST3244,16,2220
ST2132,ST3244,8,2220
ST2137,ST3244,14,2220
ST2334,ST3244,11,2220
ST3131,ST3244,19,2220
ST3232,ST3244,6,2220
ST3236&MA3238,ST3244,6,2220
ST3244,ST3244,245,2220
ST3246,ST3244,0,2220
ST3247,ST3244,14,2220
ST4234,ST3244,4,2220
ST4238&MA4251,ST3244,12,2220
ST4248,ST3244,10,2220
DSA1101,ST3246,0,2220
DSA2101,ST3246,3,2220
DSA3101,ST3246,0,2220
DSA3362,ST3246,5,2220
DSA4212,ST3246,19,2220
DSA4263,ST3246,11,2220
DSA4266,ST3246,5,2220
ST1131,ST3246,1,2220
ST2131&MA2116,ST3246,17,2220
ST2132,ST3246,17,2220
ST2137,ST3246,10,2220
ST2334,ST3246,2,2220
ST3131,ST3246,16,2220
ST3232,ST3246,12,2220
ST3236&MA3238,ST3246,16,2220
ST3244,ST3246,4,2220
ST3246,ST3246,274,2220
ST3247,ST3246,13,2220
ST4234,ST3246,1,2220
ST4238&MA4251,ST3246,10,2220
ST4248,ST3246,6,2220
DSA1101,ST3247,11,2220
DSA2101,ST3247,15,2220
DSA3101,ST3247,10,2220
DSA3362,ST3247,8,2220
DSA4212,ST3247,20,2220
DSA4263,ST3247,13,2220
DSA4266,ST3247,7,2220
ST1131,ST3247,3,2220
ST2131&MA2116,ST3247,12,2220
ST2132,ST3247,16,2220
ST2137,ST3247,5,2220
ST2334,ST3247,5,2220
ST3131,ST3247,6,2220
ST3232,ST3247,0,2220
ST3236&MA3238,ST3247,16,2220
ST3244,ST3247,8,2220
ST3246,ST3247,9,2220
ST3247,ST3247,52,2220
ST4234,ST3247,2,2220
ST4238&MA4251,ST3247,4,2220
ST4248,ST3247,20,2220
DSA1101,ST4234,7,2220
DSA2101,ST4234,1,2220
DSA3101,ST4234,14,2220
DSA3362,ST4234,6,2220
DSA4212,ST4234,5,2220
DSA4263,ST4234,7,2220
DSA4266,ST4234,4,2220
ST1131,ST4234,8,2220
ST2131&MA2116,ST4234,0,2220
ST2132,ST4234,13,2220
ST2137,ST4234,14,2220
ST2334,ST4234,10,2220
ST3131,ST4234,1,2220
ST3232,ST4234,0,2220
ST3236&MA3238,ST4234,8,2220
ST3244,ST4234,1,2220
ST3246,ST4234,13,2220
ST3247,ST4234,19,2220
ST4234,ST4234,265,2220
ST4238&MA4251,ST4234,0,2220
ST4248,ST4234,20,2220
DSA1101,ST4238.MA4251,15,2220
DSA2101,ST4238.MA4251,12,2220
DSA3101,ST4238.MA4251,11,2220
DSA3362,ST4238.MA4251,9,2220
DSA4212,ST4238.MA4251,10,2220
DSA4263,ST4238.MA4251,8,2220
DSA4266,ST4238.MA4251,11,2220
ST1131,ST4238.MA4251,17,2220
ST2131&MA2116,ST4238.MA4251,1,2220
ST2132,ST4238.MA4251,3,2220
ST2137,ST4238.MA4251,11,2220
ST2334,ST4238.MA4251,9,2220
ST3131,ST4238.MA4251,9,2220
ST3232,ST4238.MA4251,5,2220
ST3236&MA3238,ST4238.MA4251,12,2220
ST3244,ST4238.MA4251,2,2220
ST3246,ST4238.MA4251,0,2220
ST3247,ST4238.MA4251,15,2220
ST4234,ST4238.MA4251,2,2220
ST4238&MA4251,ST4238.MA4251,2,2220
ST4248,ST4238.MA4251,10,2220
DSA1101,ST4248,1,2220
DSA2101,ST4248,11,2220
DSA3101,ST4248,7,2220
DSA3362,ST4248,0,2220
DSA4212,ST4248,12,2220
DSA4263,ST4248,19,2220
DSA4266,ST4248,10,2220
ST1131,ST4248,14,2220
ST2131&MA2116,ST4248,5,2220
ST2132,ST4248,13,2220
ST2137,ST4248,10,2220
ST2334,ST4248,15,2220
ST3131,ST4248,6,2220
ST3232,ST4248,4,2220
ST3236&MA3238,ST4248,17,2220
ST3244,ST4248,6,2220
ST3246,ST4248,20,2220
ST3247,ST4248,11,2220
ST4234,ST4248,0,2220
ST4238&MA4251,ST4248,8,2220
ST4248,ST4248,95,2220
